INSERT INTO USER_PROFILE (USERNAME,NAME,EMAIL,DATE_OF_BIRTH,PASSWORD,CONTACT_NO,GENDER,TSHIRT_SIZE,HOUSE,STREET,CITY) VALUES ('nrnhrn17', 'Nuraia Nahrin', 'nuraianahrin@gmail.com', TO_DATE('17-Aug-2001','DD-Mon-YYYY'), 'WelyGilZcQ4', '01113140927', 'Female', 'XXL', '6', 'Lyons', 'Qŭshkŭpir');
INSERT INTO USER_PROFILE (USERNAME,NAME,EMAIL,DATE_OF_BIRTH,PASSWORD,CONTACT_NO,GENDER,TSHIRT_SIZE,HOUSE,STREET,CITY) VALUES ('khldhsn', 'Khaled Hasan Irfan', 'khaledirfan7@gmail.com', TO_DATE('03-Feb-1998','DD-Mon-YYYY'), 'bNGbuG', '01130471574', 'Male', 'XXL', '9', 'Susan', 'Palmas De Grande');
INSERT INTO USER_PROFILE (USERNAME,NAME,EMAIL,DATE_OF_BIRTH,PASSWORD,CONTACT_NO,GENDER,TSHIRT_SIZE,HOUSE,STREET,CITY) VALUES ('nndyprs', 'Aunindya Prosad Saha', 'anindosaha16@gmail.com', TO_DATE('11-Apr-2001','DD-Mon-YYYY'), 'KsV2QSwQp', '01134233273', 'Male', 'XXL', '96804', 'Scott', 'Kuwayris Sharqī');
INSERT INTO USER_PROFILE (USERNAME,NAME,EMAIL,DATE_OF_BIRTH,PASSWORD,CONTACT_NO,GENDER,TSHIRT_SIZE,HOUSE,STREET,CITY) VALUES ('mhmmdsdq', 'Mohammad Sadiqul Alam', 'sadiqul.fw@gmail.com', TO_DATE('26-Aug-2001','DD-Mon-YYYY'), 'VseLVYDEY', '01141895404', 'Male', 'XXL', '1', 'Continental', 'Jiangjiazui');
INSERT INTO USER_PROFILE (USERNAME,NAME,EMAIL,DATE_OF_BIRTH,PASSWORD,CONTACT_NO,GENDER,TSHIRT_SIZE,HOUSE,STREET,CITY) VALUES ('zrfzsnm', 'Zarif Zeisan Mustafa', 'zarif.zeisan.mustafa@gmail.com', TO_DATE('17-Oct-2001','DD-Mon-YYYY'), 'mtor7nVHIJO3', '01155949988', 'Male', 'XXL', '43423', 'Canary', 'Kloulklubed');
INSERT INTO USER_PROFILE (USERNAME,NAME,EMAIL,DATE_OF_BIRTH,PASSWORD,CONTACT_NO,GENDER,TSHIRT_SIZE,HOUSE,STREET,CITY) VALUES ('sfmhmd38', 'Asif Mahmud', 'asif3058@gmail.com', TO_DATE('15-Aug-1992','DD-Mon-YYYY'), 'yO1RBpp0Cm', '01163220135', 'Male', 'XXL', '872', 'Superior', 'Luqa');
INSERT INTO USER_PROFILE (USERNAME,NAME,EMAIL,DATE_OF_BIRTH,PASSWORD,CONTACT_NO,GENDER,TSHIRT_SIZE,HOUSE,STREET,CITY) VALUES ('mdshflslms', 'Md. Shafiul Islam Shovon', 'ishaafi2294@gmail.com', TO_DATE('09-Jun-1994','DD-Mon-YYYY'), 'RnN8TF4GAJ', '01166859889', 'Male', 'XXL', '1', 'Nancy', 'Chicama');
INSERT INTO USER_PROFILE (USERNAME,NAME,EMAIL,DATE_OF_BIRTH,PASSWORD,CONTACT_NO,GENDER,TSHIRT_SIZE,HOUSE,STREET,CITY) VALUES ('mdrrrf', 'Md Arr Rafi Islam', 'md.arr.009@gmail.com', TO_DATE('25-Aug-1998','DD-Mon-YYYY'), 'WFQQleHi', '01184532439', 'Male', 'XXL', '80495', 'Linden', 'North Little Rock');
INSERT INTO USER_PROFILE (USERNAME,NAME,EMAIL,DATE_OF_BIRTH,PASSWORD,CONTACT_NO,GENDER,TSHIRT_SIZE,HOUSE,STREET,CITY) VALUES ('sydrsr', 'Syeda Raisa Rahman', 'raisarahman1904@gmail.com', TO_DATE('19-Jan-2001','DD-Mon-YYYY'), 'SeTyLw', '01191850015', 'Female', 'XXL', '2', 'Stephen', 'Jönköping');
INSERT INTO USER_PROFILE (USERNAME,NAME,EMAIL,DATE_OF_BIRTH,PASSWORD,CONTACT_NO,GENDER,TSHIRT_SIZE,HOUSE,STREET,CITY) VALUES ('sbhtsnmkhns', 'Subah Tasnim Khan Shiary', 'shiaryk29@gmail.com', TO_DATE('30-Sep-1999','DD-Mon-YYYY'), 'uvftpZOq655', '01199415742', 'Female', 'XXL', '12', 'Delaware', 'Oyonnax');
INSERT INTO USER_PROFILE (USERNAME,NAME,EMAIL,DATE_OF_BIRTH,PASSWORD,CONTACT_NO,GENDER,TSHIRT_SIZE,HOUSE,STREET,CITY) VALUES ('frslm76', 'Faria Islam', 'mytul1242@gmail.com', TO_DATE('01-May-1999','DD-Mon-YYYY'), 'WmA9tlE', '01201817682', 'Female', 'XXL', '8', 'Kropf', 'Qiucun');
INSERT INTO USER_PROFILE (USERNAME,NAME,EMAIL,DATE_OF_BIRTH,PASSWORD,CONTACT_NO,GENDER,TSHIRT_SIZE,HOUSE,STREET,CITY) VALUES ('shkhrfs', 'Sheikh Rafsan Jain', 'rafsanprove123@gmail.com', TO_DATE('25-Sep-2000','DD-Mon-YYYY'), 'wT0rnauR161', '01210120273', 'Male', 'XXL', '7', 'Northport', 'Las Ánimas');
INSERT INTO USER_PROFILE (USERNAME,NAME,EMAIL,DATE_OF_BIRTH,PASSWORD,CONTACT_NO,GENDER,TSHIRT_SIZE,HOUSE,STREET,CITY) VALUES ('mdtsflhq94', 'Md Tausiful Haque', 'tausif.mzs.007@gmail.com', TO_DATE('07-Aug-1998','DD-Mon-YYYY'), '5MAg6QiWWC', '01212329860', 'Male', 'XXL', '69', 'Dayton', 'Rossosh’');
INSERT INTO USER_PROFILE (USERNAME,NAME,EMAIL,DATE_OF_BIRTH,PASSWORD,CONTACT_NO,GENDER,TSHIRT_SIZE,HOUSE,STREET,CITY) VALUES ('mhmmdsbbrm', 'Mohammad Sabbir Musfique', 'sabbirmusfique1@gmail.com', TO_DATE('17-Aug-1998','DD-Mon-YYYY'), '99mb7g9AXyk', '01212952201', 'Male', 'XXL', '6', 'Warrior', 'Hujiaba');
INSERT INTO USER_PROFILE (USERNAME,NAME,EMAIL,DATE_OF_BIRTH,PASSWORD,CONTACT_NO,GENDER,TSHIRT_SIZE,HOUSE,STREET,CITY) VALUES ('rbbhdl', 'Rubaba Hadial Belal', 'rubabahadiel00@gmail.com', TO_DATE('12-Jun-2001','DD-Mon-YYYY'), 'perYYt', '01218465127', 'Female', 'XXL', '19513', 'Brown', 'Vikhorevka');
INSERT INTO USER_PROFILE (USERNAME,NAME,EMAIL,DATE_OF_BIRTH,PASSWORD,CONTACT_NO,GENDER,TSHIRT_SIZE,HOUSE,STREET,CITY) VALUES ('shbhmdt', 'Shoeb Ahmed Tanjim', 'shoebtanjim@gmail.com', TO_DATE('05-Jan-1999','DD-Mon-YYYY'), 'dtGznmNnEv', '01218715411', 'Male', 'XXL', '4', 'Valley Edge', 'Savannakhét');
INSERT INTO USER_PROFILE (USERNAME,NAME,EMAIL,DATE_OF_BIRTH,PASSWORD,CONTACT_NO,GENDER,TSHIRT_SIZE,HOUSE,STREET,CITY) VALUES ('mdzkrhss', 'Md Zakaria Hossen Emon', 'jh.emon00@gmail.com', TO_DATE('26-Sep-2001','DD-Mon-YYYY'), 'Da2lEh', '01219933593', 'Male', 'XXL', '35', 'American', 'Liangnong');
INSERT INTO USER_PROFILE (USERNAME,NAME,EMAIL,DATE_OF_BIRTH,PASSWORD,CONTACT_NO,GENDER,TSHIRT_SIZE,HOUSE,STREET,CITY) VALUES ('mhtsmfd79', 'Muhtasim Fuad', 'fuadnafiz98@gmail.com', TO_DATE('26-Apr-2001','DD-Mon-YYYY'), 'oYaUTe', '01227728199', 'Male', 'XXL', '5650', 'Comanche', 'Runan');
INSERT INTO USER_PROFILE (USERNAME,NAME,EMAIL,DATE_OF_BIRTH,PASSWORD,CONTACT_NO,GENDER,TSHIRT_SIZE,HOUSE,STREET,CITY) VALUES ('rynbrr65', 'Raiyan Abrar', 'raiyan.abrar3058@gmail.com', TO_DATE('12-Mar-2001','DD-Mon-YYYY'), 'rVvp1y8iqn4', '01246600202', 'Male', 'XXL', '539', 'Glacier Hill', 'Lukavec');
INSERT INTO USER_PROFILE (USERNAME,NAME,EMAIL,DATE_OF_BIRTH,PASSWORD,CONTACT_NO,GENDER,TSHIRT_SIZE,HOUSE,STREET,CITY) VALUES ('sjdhssn98', 'Sajid Hossain', 'sajidhossain180@gmail.com', TO_DATE('16-Jun-2001','DD-Mon-YYYY'), 'XH6a5BDJ', '01260306527', 'Male', 'XXL', '6506', 'Lakewood Gardens', 'Yamaga');
INSERT INTO USER_PROFILE (USERNAME,NAME,EMAIL,DATE_OF_BIRTH,PASSWORD,CONTACT_NO,GENDER,TSHIRT_SIZE,HOUSE,STREET,CITY) VALUES ('thsnhmd', 'Tahsin Ahmed Refat', 'tahsin92refat@gmail.com', TO_DATE('26-Mar-1998','DD-Mon-YYYY'), 'UriWrYd7x', '01271801937', 'Male', 'XXL', '4697', 'Park Meadow', 'Houyu');
INSERT INTO USER_PROFILE (USERNAME,NAME,EMAIL,DATE_OF_BIRTH,PASSWORD,CONTACT_NO,GENDER,TSHIRT_SIZE,HOUSE,STREET,CITY) VALUES ('mrnktrp', 'Amrin Akter Pinky', 'amrinpinky3379@gmail.com', TO_DATE('08-Jan-2000','DD-Mon-YYYY'), 'hAhngW', '01274455092', 'Female', 'XXL', '601', 'Twin Pines', 'Hongguang');
INSERT INTO USER_PROFILE (USERNAME,NAME,EMAIL,DATE_OF_BIRTH,PASSWORD,CONTACT_NO,GENDER,TSHIRT_SIZE,HOUSE,STREET,CITY) VALUES ('llrys55', 'Ellora Yasi', 'ellora.yasi@gmail.com', TO_DATE('15-Apr-1999','DD-Mon-YYYY'), 'w3c3V2', '01275368415', 'Female', 'XXL', '8', 'Old Shore', 'Beberon');
INSERT INTO USER_PROFILE (USERNAME,NAME,EMAIL,DATE_OF_BIRTH,PASSWORD,CONTACT_NO,GENDER,TSHIRT_SIZE,HOUSE,STREET,CITY) VALUES ('smyshrmlsn', 'Sumya Sharmila Sanchita', 'sumayasanchita05456@gmail.com', TO_DATE('21-Apr-2001','DD-Mon-YYYY'), '14ql86', '01279140705', 'Female', 'XXL', '9510', 'Esch', 'Lüyang');
INSERT INTO USER_PROFILE (USERNAME,NAME,EMAIL,DATE_OF_BIRTH,PASSWORD,CONTACT_NO,GENDER,TSHIRT_SIZE,HOUSE,STREET,CITY) VALUES ('mnjbhsn22', 'Munjib Hasan', 'munjibhasan@gmail.com', TO_DATE('28-Jan-2000','DD-Mon-YYYY'), 'rVhDnOC2w2', '01282182283', 'Male', 'XXL', '1356', 'Lakeland', 'Ashford');
INSERT INTO USER_PROFILE (USERNAME,NAME,EMAIL,DATE_OF_BIRTH,PASSWORD,CONTACT_NO,GENDER,TSHIRT_SIZE,HOUSE,STREET,CITY) VALUES ('mdbdlwzd', 'Md. Abdul Wazed Rifat', 'wazedrifat@gmail.com', TO_DATE('26-Aug-1997','DD-Mon-YYYY'), '5L3LyAyQhQ3s', '01283702167', 'Male', 'XXL', '18062', 'Shelley', 'Klinan');
INSERT INTO USER_PROFILE (USERNAME,NAME,EMAIL,DATE_OF_BIRTH,PASSWORD,CONTACT_NO,GENDER,TSHIRT_SIZE,HOUSE,STREET,CITY) VALUES ('brrmhrsm23', 'Abrar Mahir Esam', 'abrarme118@gmail.com', TO_DATE('26-Sep-1999','DD-Mon-YYYY'), '8iKjkWv', '01290983801', 'Male', 'XXL', '2', 'Gulseth', 'Kamubheka');
INSERT INTO USER_PROFILE (USERNAME,NAME,EMAIL,DATE_OF_BIRTH,PASSWORD,CONTACT_NO,GENDER,TSHIRT_SIZE,HOUSE,STREET,CITY) VALUES ('frznwr', 'Fairooz Nawar Nawme', 'fairooznawar464@gmail.com', TO_DATE('15-Jun-1998','DD-Mon-YYYY'), 'gwijS4madw', '01303342277', 'Female', 'XXL', '1', 'Heffernan', 'Fuente de Oro');
INSERT INTO USER_PROFILE (USERNAME,NAME,EMAIL,DATE_OF_BIRTH,PASSWORD,CONTACT_NO,GENDER,TSHIRT_SIZE,HOUSE,STREET,CITY) VALUES ('smrkbl', 'ASM Rakibul Hasan', 'rakibmistcse19@gmail.com', TO_DATE('11-Sep-1998','DD-Mon-YYYY'), 'pzuKjU88wK', '01309454506', 'Male', 'XXL', '6611', 'Oakridge', 'Meijiang');
INSERT INTO USER_PROFILE (USERNAME,NAME,EMAIL,DATE_OF_BIRTH,PASSWORD,CONTACT_NO,GENDER,TSHIRT_SIZE,HOUSE,STREET,CITY) VALUES ('nmbnkhdmlb', 'Naim Ibna Khadem Al Bhuiyan', 'naimbinkhadem@gmail.com', TO_DATE('03-Sep-1998','DD-Mon-YYYY'), 'Tgt0hagB', '01315584839', 'Male', 'XXL', '670', 'Dawn', 'Zhamao');
INSERT INTO USER_PROFILE (USERNAME,NAME,EMAIL,DATE_OF_BIRTH,PASSWORD,CONTACT_NO,GENDER,TSHIRT_SIZE,HOUSE,STREET,CITY) VALUES ('hmdbdllh85', 'Ahmad Abdullah', 'ahmadabdullahcse@gmail.com', TO_DATE('24-Sep-2000','DD-Mon-YYYY'), 'va11BipHXdG', '01327642304', 'Male', 'XXL', '13172', 'Hallows', 'Třebíč');
INSERT INTO USER_PROFILE (USERNAME,NAME,EMAIL,DATE_OF_BIRTH,PASSWORD,CONTACT_NO,GENDER,TSHIRT_SIZE,HOUSE,STREET,CITY) VALUES ('mhddnblw', 'Mohiuddin Bilwal Ayon', 'mohiuddin.310799@gmail.com', TO_DATE('04-Sep-2001','DD-Mon-YYYY'), 'HBdAWXavA1', '01339754785', 'Male', 'XXL', '0', 'Delladonna', 'Robertsfors');
INSERT INTO USER_PROFILE (USERNAME,NAME,EMAIL,DATE_OF_BIRTH,PASSWORD,CONTACT_NO,GENDER,TSHIRT_SIZE,HOUSE,STREET,CITY) VALUES ('sbknnhr', 'Sabikun Nahar Zerin', 'sabikunnahar492@gmail.com', TO_DATE('18-Aug-2001','DD-Mon-YYYY'), 'sLiL73F', '01349452166', 'Female', 'XXL', '31', 'Dorton', 'Geta');
INSERT INTO USER_PROFILE (USERNAME,NAME,EMAIL,DATE_OF_BIRTH,PASSWORD,CONTACT_NO,GENDER,TSHIRT_SIZE,HOUSE,STREET,CITY) VALUES ('dbhssn24', 'Adib Hossain', 'adib.18.h@gmail.com', TO_DATE('19-May-2001','DD-Mon-YYYY'), 'kTsHonl', '01358863412', 'Male', 'XXL', '798', 'Northfield', 'Bibiani');
INSERT INTO USER_PROFILE (USERNAME,NAME,EMAIL,DATE_OF_BIRTH,PASSWORD,CONTACT_NO,GENDER,TSHIRT_SIZE,HOUSE,STREET,CITY) VALUES ('rynrhmn11', 'Raiyan Rahman', 'raiyan.cse@gmail.com', TO_DATE('19-Feb-1995','DD-Mon-YYYY'), 'CNW2UWPAmf', '01367129105', 'Male', 'XXL', '82', 'Division', 'Damatou');
INSERT INTO USER_PROFILE (USERNAME,NAME,EMAIL,DATE_OF_BIRTH,PASSWORD,CONTACT_NO,GENDER,TSHIRT_SIZE,HOUSE,STREET,CITY) VALUES ('fhmfysl27', 'Fahim Foysal', 'fahimfoysalcse@gmail.com', TO_DATE('24-Aug-1998','DD-Mon-YYYY'), 'IUtXWY', '01377671180', 'Male', 'XXL', '8698', 'Melvin', 'Ormstown');
INSERT INTO USER_PROFILE (USERNAME,NAME,EMAIL,DATE_OF_BIRTH,PASSWORD,CONTACT_NO,GENDER,TSHIRT_SIZE,HOUSE,STREET,CITY) VALUES ('mdmhmdrrhmn', 'Md. Mahmudur Rahman Mamun', 'mamun4122@gmail.com', TO_DATE('07-Jun-1993','DD-Mon-YYYY'), 'KSAtY95gu', '01387616314', 'Male', 'XXL', '4', 'Monica', 'Dourados');
INSERT INTO USER_PROFILE (USERNAME,NAME,EMAIL,DATE_OF_BIRTH,PASSWORD,CONTACT_NO,GENDER,TSHIRT_SIZE,HOUSE,STREET,CITY) VALUES ('shhnrrhmn', 'Shohanur Rahman Shuvo', 'waterhorse08@gmail.com', TO_DATE('27-Dec-2001','DD-Mon-YYYY'), '2vDuVIa2', '01394979606', 'Male', 'XXL', '74097', 'Dahle', 'Har Nur');
INSERT INTO USER_PROFILE (USERNAME,NAME,EMAIL,DATE_OF_BIRTH,PASSWORD,CONTACT_NO,GENDER,TSHIRT_SIZE,HOUSE,STREET,CITY) VALUES ('smnfshmd18', 'S. M. Nafis Ahmed', 'smnafis1971@gmail.com', TO_DATE('16-Feb-1999','DD-Mon-YYYY'), 'K91Q6S', '01399538481', 'Male', 'XXL', '9864', 'Barby', 'Shaliu');
INSERT INTO USER_PROFILE (USERNAME,NAME,EMAIL,DATE_OF_BIRTH,PASSWORD,CONTACT_NO,GENDER,TSHIRT_SIZE,HOUSE,STREET,CITY) VALUES ('shfshdmn', 'Shafee Shadman Tonoy', 'tonoygscian@gmail.com', TO_DATE('04-Sep-2001','DD-Mon-YYYY'), 'STWCBSA0F', '01400870473', 'Male', 'XXL', '6', 'Blue Bill Park', 'Bungalaleng');
INSERT INTO USER_PROFILE (USERNAME,NAME,EMAIL,DATE_OF_BIRTH,PASSWORD,CONTACT_NO,GENDER,TSHIRT_SIZE,HOUSE,STREET,CITY) VALUES ('swpnlb', 'Swapnil Biswas', 'swapnil.cse16@gmail.com', TO_DATE('05-Feb-1996','DD-Mon-YYYY'), 'SpwD50W', '01422482295', 'Male', 'XXL', '3944', 'Bartillon', 'Kalí Vrýsi');
INSERT INTO USER_PROFILE (USERNAME,NAME,EMAIL,DATE_OF_BIRTH,PASSWORD,CONTACT_NO,GENDER,TSHIRT_SIZE,HOUSE,STREET,CITY) VALUES ('mdtkkhsn74', 'Md. Takik Hasan', 'takikhasansa@gmail.com', TO_DATE('03-Jul-1997','DD-Mon-YYYY'), '68viWnkyp', '01424925401', 'Male', 'XXL', '62', 'Loomis', 'Mońki');
INSERT INTO USER_PROFILE (USERNAME,NAME,EMAIL,DATE_OF_BIRTH,PASSWORD,CONTACT_NO,GENDER,TSHIRT_SIZE,HOUSE,STREET,CITY) VALUES ('mdnhdz', 'Md. Nahiduzzaman', 'nahiduzzaman1107@gmail.com', TO_DATE('25-Dec-2001','DD-Mon-YYYY'), 'cJJE6mGVrk', '01439988992', 'Male', 'XXL', '575', 'Jackson', 'Pukhavichy');
INSERT INTO USER_PROFILE (USERNAME,NAME,EMAIL,DATE_OF_BIRTH,PASSWORD,CONTACT_NO,GENDER,TSHIRT_SIZE,HOUSE,STREET,CITY) VALUES ('stqfrq', 'Istiaque Faroque Nabil', 'nabilfaruk6@gmail.com', TO_DATE('19-Sep-1999','DD-Mon-YYYY'), 'AEL42HsAv8Q5', '01468532561', 'Male', 'XXL', '326', 'Clarendon', 'Humaitá');
INSERT INTO USER_PROFILE (USERNAME,NAME,EMAIL,DATE_OF_BIRTH,PASSWORD,CONTACT_NO,GENDER,TSHIRT_SIZE,HOUSE,STREET,CITY) VALUES ('mrsltn76', 'Maria Sultana', 'mariarifa2018@gmail.com', TO_DATE('02-Apr-2001','DD-Mon-YYYY'), 'IlmePYbG', '01475456162', 'Female', 'XXL', '12674', 'Anhalt', 'As Sayyānī');
INSERT INTO USER_PROFILE (USERNAME,NAME,EMAIL,DATE_OF_BIRTH,PASSWORD,CONTACT_NO,GENDER,TSHIRT_SIZE,HOUSE,STREET,CITY) VALUES ('mrnrhmn86', 'Amrin Rahman', 'amrinrahman14@gmail.com', TO_DATE('25-Jun-1999','DD-Mon-YYYY'), '1PJSHnl', '01488533437', 'Female', 'XXL', '50', 'Coleman', 'Eséka');
INSERT INTO USER_PROFILE (USERNAME,NAME,EMAIL,DATE_OF_BIRTH,PASSWORD,CONTACT_NO,GENDER,TSHIRT_SIZE,HOUSE,STREET,CITY) VALUES ('wsflslm17', 'Wasif-ul Islam', 'wwasif29@gmail.com', TO_DATE('10-Jun-2000','DD-Mon-YYYY'), '7sgFW3jhDBLc', '01509626995', 'Male', 'XXL', '0', 'Haas', 'Quva');
INSERT INTO USER_PROFILE (USERNAME,NAME,EMAIL,DATE_OF_BIRTH,PASSWORD,CONTACT_NO,GENDER,TSHIRT_SIZE,HOUSE,STREET,CITY) VALUES ('mdrshdl', 'Md Rashid Ul Islam', 'rashidbdasia51@gmail.com', TO_DATE('01-Jun-2000','DD-Mon-YYYY'), 'hRp1t3S3x', '01511323615', 'Male', 'XXL', '9693', 'Straubel', 'Cape Town');
INSERT INTO USER_PROFILE (USERNAME,NAME,EMAIL,DATE_OF_BIRTH,PASSWORD,CONTACT_NO,GENDER,TSHIRT_SIZE,HOUSE,STREET,CITY) VALUES ('sdjhnmn16', 'Sadia Jahan Moon', 'sadiajahanmoon48@gmail.com', TO_DATE('08-Sep-2001','DD-Mon-YYYY'), 'mbjG4P', '01511786515', 'Female', 'XXL', '68', 'Sugar', 'Āwash');
INSERT INTO USER_PROFILE (USERNAME,NAME,EMAIL,DATE_OF_BIRTH,PASSWORD,CONTACT_NO,GENDER,TSHIRT_SIZE,HOUSE,STREET,CITY) VALUES ('shvnnvrd', 'Shovon Niverd Pereira', 'niverdpereira@gmail.com', TO_DATE('29-Mar-1996','DD-Mon-YYYY'), '0IoD89trihBs', '01520524006', 'Male', 'XXL', '72247', 'Golf Course', 'Panjing');
INSERT INTO USER_PROFILE (USERNAME,NAME,EMAIL,DATE_OF_BIRTH,PASSWORD,CONTACT_NO,GENDER,TSHIRT_SIZE,HOUSE,STREET,CITY) VALUES ('myshtsnm92', 'Mayesha Tasnim', 'mayeshatasnim54@gmail.com', TO_DATE('04-Nov-2000','DD-Mon-YYYY'), 'f2ChQ5uDJxa', '01541600387', 'Female', 'XXL', '339', 'Loeprich', 'Lisewo');
INSERT INTO USER_PROFILE (USERNAME,NAME,EMAIL,DATE_OF_BIRTH,PASSWORD,CONTACT_NO,GENDER,TSHIRT_SIZE,HOUSE,STREET,CITY) VALUES ('sjtyds54', 'Sejuty Das', 'sejutydas20021@gmail.com', TO_DATE('18-Oct-2001','DD-Mon-YYYY'), '9BMwklG1Sx', '01542998520', 'Female', 'XXL', '1', 'Lake View', 'Kawahmanuk');
INSERT INTO USER_PROFILE (USERNAME,NAME,EMAIL,DATE_OF_BIRTH,PASSWORD,CONTACT_NO,GENDER,TSHIRT_SIZE,HOUSE,STREET,CITY) VALUES ('mhddb88', 'Mahdi Adib', 'mahdiadib2001@gmail.com', TO_DATE('19-Feb-2001','DD-Mon-YYYY'), 'O7EKvcqi', '01549143650', 'Male', 'XXL', '83', 'North', 'Otaniemi');
INSERT INTO USER_PROFILE (USERNAME,NAME,EMAIL,DATE_OF_BIRTH,PASSWORD,CONTACT_NO,GENDER,TSHIRT_SIZE,HOUSE,STREET,CITY) VALUES ('frnnbnthr', 'Afranan Bintha Rahman', 'min20022002min@gmail.com', TO_DATE('30-Apr-2000','DD-Mon-YYYY'), 'mSig606', '01563662034', 'Female', 'XXL', '916', 'Oak', 'Flores da Cunha');
INSERT INTO USER_PROFILE (USERNAME,NAME,EMAIL,DATE_OF_BIRTH,PASSWORD,CONTACT_NO,GENDER,TSHIRT_SIZE,HOUSE,STREET,CITY) VALUES ('rnbsrcr52', 'Arnab Sircar', 'arnab.mist.cse@gmail.com', TO_DATE('18-Apr-1999','DD-Mon-YYYY'), '2PVP2CZwL', '01565164784', 'Male', 'XXL', '734', 'Nelson', 'Ash Shaddādah');
INSERT INTO USER_PROFILE (USERNAME,NAME,EMAIL,DATE_OF_BIRTH,PASSWORD,CONTACT_NO,GENDER,TSHIRT_SIZE,HOUSE,STREET,CITY) VALUES ('trqlslm', 'Tariquel Islam Tamim', 'tamim.365.ti@gmail.com', TO_DATE('22-Aug-2001','DD-Mon-YYYY'), 'ABTW8oNWo', '01583474896', 'Male', 'XXL', '3988', 'Mifflin', 'Lincheng');
INSERT INTO USER_PROFILE (USERNAME,NAME,EMAIL,DATE_OF_BIRTH,PASSWORD,CONTACT_NO,GENDER,TSHIRT_SIZE,HOUSE,STREET,CITY) VALUES ('fthr48', 'Ifath Ara', 'ifatharadurba@gmail.com', TO_DATE('01-Nov-1999','DD-Mon-YYYY'), 's2tq6iNzjvqo', '01597630864', 'Female', 'XXL', '8', 'Marcy', 'Dzüünharaa');
INSERT INTO USER_PROFILE (USERNAME,NAME,EMAIL,DATE_OF_BIRTH,PASSWORD,CONTACT_NO,GENDER,TSHIRT_SIZE,HOUSE,STREET,CITY) VALUES ('mdmhdmh', 'Md. Mahdi Mohtasim', 'mahdimohtasim@gmail.com', TO_DATE('10-Jan-1999','DD-Mon-YYYY'), 'ZTsODEBFpWl', '01611779948', 'Male', 'XXL', '71', 'Weeping Birch', 'Guanshan');
INSERT INTO USER_PROFILE (USERNAME,NAME,EMAIL,DATE_OF_BIRTH,PASSWORD,CONTACT_NO,GENDER,TSHIRT_SIZE,HOUSE,STREET,CITY) VALUES ('htzshmmr', 'Ihtiaz Ishmam Rahman', 'ishmamihtiaz@gmail.com', TO_DATE('03-Oct-1995','DD-Mon-YYYY'), 'LZNoe0', '01612155388', 'Male', 'XXL', '5', '8th', 'Maredakamau');
INSERT INTO USER_PROFILE (USERNAME,NAME,EMAIL,DATE_OF_BIRTH,PASSWORD,CONTACT_NO,GENDER,TSHIRT_SIZE,HOUSE,STREET,CITY) VALUES ('shkhmdsfrr', 'Shekh. Md. Saifur Rahman', 'spifursaider25@gmail.com', TO_DATE('20-Jan-1998','DD-Mon-YYYY'), 'Z7CwZObhun', '01665228529', 'Male', 'XXL', '835', 'Pine View', 'Nato');
INSERT INTO USER_PROFILE (USERNAME,NAME,EMAIL,DATE_OF_BIRTH,PASSWORD,CONTACT_NO,GENDER,TSHIRT_SIZE,HOUSE,STREET,CITY) VALUES ('mdhsnrht65', 'MD Ahsan Rahat', 'ahsanrahat11@gmail.com', TO_DATE('01-Nov-1998','DD-Mon-YYYY'), 'w25JrKs8rJWY', '01668815705', 'Male', 'XXL', '369', 'Magdeline', 'Mērsrags');
INSERT INTO USER_PROFILE (USERNAME,NAME,EMAIL,DATE_OF_BIRTH,PASSWORD,CONTACT_NO,GENDER,TSHIRT_SIZE,HOUSE,STREET,CITY) VALUES ('frhnnsf', 'Farhan Nasif Nizami', 'farhannizami0612@gmail.com', TO_DATE('09-Dec-2001','DD-Mon-YYYY'), 'f3h69wuvSP', '01685368141', 'Male', 'XXL', '995', 'Sycamore', 'Erdaojiang');
INSERT INTO USER_PROFILE (USERNAME,NAME,EMAIL,DATE_OF_BIRTH,PASSWORD,CONTACT_NO,GENDER,TSHIRT_SIZE,HOUSE,STREET,CITY) VALUES ('trqhsnrz40', 'Tariq Hasan Rizu', 'tariqhasanr@gmail.com', TO_DATE('31-Aug-1998','DD-Mon-YYYY'), '4PhuXM8tiw', '01689291091', 'Male', 'XXL', '8', 'Erie', 'Czerwionka Leszczy');
INSERT INTO USER_PROFILE (USERNAME,NAME,EMAIL,DATE_OF_BIRTH,PASSWORD,CONTACT_NO,GENDER,TSHIRT_SIZE,HOUSE,STREET,CITY) VALUES ('nzshhnzj', 'Nazia Shehnaz Joynab', 'ncoder76@gmail.com', TO_DATE('11-Jul-2000','DD-Mon-YYYY'), 'peHIpYGxeSVH', '01689672415', 'Female', 'XXL', '42756', 'American', 'Bulembu');
INSERT INTO USER_PROFILE (USERNAME,NAME,EMAIL,DATE_OF_BIRTH,PASSWORD,CONTACT_NO,GENDER,TSHIRT_SIZE,HOUSE,STREET,CITY) VALUES ('mdnmlhqm', 'Md. Enamul Hoque Marzun', 'enamul96209620@gmail.com', TO_DATE('26-Feb-1999','DD-Mon-YYYY'), '3ET9RFR', '01692110623', 'Male', 'XXL', '15', 'Debs', 'Зуунмод');
INSERT INTO USER_PROFILE (USERNAME,NAME,EMAIL,DATE_OF_BIRTH,PASSWORD,CONTACT_NO,GENDER,TSHIRT_SIZE,HOUSE,STREET,CITY) VALUES ('frnn79', 'Afra Anan', 'ananera38154@gmail.com', TO_DATE('13-Aug-1998','DD-Mon-YYYY'), 'pCKnawr', '01696643723', 'Female', 'XXL', '93041', 'Warner', 'Buracan');
INSERT INTO USER_PROFILE (USERNAME,NAME,EMAIL,DATE_OF_BIRTH,PASSWORD,CONTACT_NO,GENDER,TSHIRT_SIZE,HOUSE,STREET,CITY) VALUES ('lshkbr02', 'Alisha Kabir', 'kabir.alisha2000@gmail.com', TO_DATE('28-Feb-1998','DD-Mon-YYYY'), 'f3Nwab', '01701759761', 'Female', 'XXL', '25', 'American Ash', 'Emalgolin DOHS');
INSERT INTO USER_PROFILE (USERNAME,NAME,EMAIL,DATE_OF_BIRTH,PASSWORD,CONTACT_NO,GENDER,TSHIRT_SIZE,HOUSE,STREET,CITY) VALUES ('mhdkml', 'Mahedi Kamal Avash', 'mahedikamal44@gmail.com', TO_DATE('11-Sep-1998','DD-Mon-YYYY'), 'ykpZZzyOeu', '01702457305', 'Male', 'XXL', '9', 'Pierstorff', 'Staten Island');
INSERT INTO USER_PROFILE (USERNAME,NAME,EMAIL,DATE_OF_BIRTH,PASSWORD,CONTACT_NO,GENDER,TSHIRT_SIZE,HOUSE,STREET,CITY) VALUES ('mhnslmp', 'Mohian Islam Protik', 'mohianprotik@gmail.com', TO_DATE('02-Oct-2000','DD-Mon-YYYY'), 'DhhctpvDq', '01704785876', 'Male', 'XXL', '158', 'Graedel', 'Cola');
INSERT INTO USER_PROFILE (USERNAME,NAME,EMAIL,DATE_OF_BIRTH,PASSWORD,CONTACT_NO,GENDER,TSHIRT_SIZE,HOUSE,STREET,CITY) VALUES ('nwrnnnkhn', 'Nawreen Anan Khandaker', 'anan.naw11@gmail.com', TO_DATE('13-Feb-1999','DD-Mon-YYYY'), 'lRccnDmsRah', '01715482719', 'Female', 'XXL', '1492', 'Banding', 'Sundbyberg');
INSERT INTO USER_PROFILE (USERNAME,NAME,EMAIL,DATE_OF_BIRTH,PASSWORD,CONTACT_NO,GENDER,TSHIRT_SIZE,HOUSE,STREET,CITY) VALUES ('myshms', 'Mayeesha Musarrat', 'musarratmayeesha@gmail.com', TO_DATE('26-Sep-2001','DD-Mon-YYYY'), 'EaWhEIgata', '01742925990', 'Female', 'XXL', '59102', 'Aberg', 'Videira');
INSERT INTO USER_PROFILE (USERNAME,NAME,EMAIL,DATE_OF_BIRTH,PASSWORD,CONTACT_NO,GENDER,TSHIRT_SIZE,HOUSE,STREET,CITY) VALUES ('mdrknzzm', 'Md. Rokonuzzaman Reza', 'rokonuzzamanreza@gmail.com', TO_DATE('11-Jun-1999','DD-Mon-YYYY'), '0ySaRkQ', '01748685393', 'Male', 'XXL', '547', 'Schlimgen', 'Balky');
INSERT INTO USER_PROFILE (USERNAME,NAME,EMAIL,DATE_OF_BIRTH,PASSWORD,CONTACT_NO,GENDER,TSHIRT_SIZE,HOUSE,STREET,CITY) VALUES ('tsnmllhs', 'Tasnim Ullah Shakib', 't.shakib1633@gmail.com', TO_DATE('26-Jun-1999','DD-Mon-YYYY'), 'x9lk1roTTNO', '01750162207', 'Male', 'XXL', '574', 'Leroy', 'Xiaozhoushan');
INSERT INTO USER_PROFILE (USERNAME,NAME,EMAIL,DATE_OF_BIRTH,PASSWORD,CONTACT_NO,GENDER,TSHIRT_SIZE,HOUSE,STREET,CITY) VALUES ('bdllhmr', 'Abdullah Omar Nasif', 'abdullahomarn57@gmail.com', TO_DATE('30-Apr-1999','DD-Mon-YYYY'), 'CkORcE6', '01760196243', 'Male', 'XXL', '88775', 'Sunnyside', 'Zhaozhen');
INSERT INTO USER_PROFILE (USERNAME,NAME,EMAIL,DATE_OF_BIRTH,PASSWORD,CONTACT_NO,GENDER,TSHIRT_SIZE,HOUSE,STREET,CITY) VALUES ('mhmmdsm', 'Muhammad Samee Sevas', 'samee.sevas@gmail.com', TO_DATE('25-Dec-2000','DD-Mon-YYYY'), 'c9Bu4t', '01774830352', 'Male', 'XXL', '436', 'Chive', 'Basseterre');
INSERT INTO USER_PROFILE (USERNAME,NAME,EMAIL,DATE_OF_BIRTH,PASSWORD,CONTACT_NO,GENDER,TSHIRT_SIZE,HOUSE,STREET,CITY) VALUES ('rrrf31', 'Arr Rafi', 'arrrafi2018@gmail.com', TO_DATE('04-Sep-2001','DD-Mon-YYYY'), 'rHApxqIgwcI', '01779683896', 'Male', 'XXL', '820', 'Kennedy', 'El Plan');
INSERT INTO USER_PROFILE (USERNAME,NAME,EMAIL,DATE_OF_BIRTH,PASSWORD,CONTACT_NO,GENDER,TSHIRT_SIZE,HOUSE,STREET,CITY) VALUES ('tsfktrsr34', 'Tasfia Akter Sara', 'tasfiasara1000@gmail.com', TO_DATE('09-Apr-2001','DD-Mon-YYYY'), 'yDcldNtmm', '01786149055', 'Female', 'XXL', '5', 'Homewood', 'Rutul');
INSERT INTO USER_PROFILE (USERNAME,NAME,EMAIL,DATE_OF_BIRTH,PASSWORD,CONTACT_NO,GENDER,TSHIRT_SIZE,HOUSE,STREET,CITY) VALUES ('mhmmdb', 'Muhammad Abu Syed', 'nihonsyed@gmail.com', TO_DATE('16-Jun-1999','DD-Mon-YYYY'), '7rfTA3cF8L', '01787747956', 'Male', 'XXL', '63', 'Lunder', 'Cimenga');
INSERT INTO USER_PROFILE (USERNAME,NAME,EMAIL,DATE_OF_BIRTH,PASSWORD,CONTACT_NO,GENDER,TSHIRT_SIZE,HOUSE,STREET,CITY) VALUES ('smfslrhmn', 'S. M. Faisal Rahman Avash', 'smfaisal1648@gmail.com', TO_DATE('16-Nov-1994','DD-Mon-YYYY'), 'xvb5cmIdhd9', '01794951166', 'Male', 'XXL', '68374', 'Bashford', 'Chengji');
INSERT INTO USER_PROFILE (USERNAME,NAME,EMAIL,DATE_OF_BIRTH,PASSWORD,CONTACT_NO,GENDER,TSHIRT_SIZE,HOUSE,STREET,CITY) VALUES ('nnbdllh', 'Enan Abdullah Khan', 'enankhan23@gmail.com', TO_DATE('14-Jan-2000','DD-Mon-YYYY'), '24q2tL', '01796457066', 'Male', 'XXL', '308', 'Thackeray', 'Höshigiyn-Ar');
INSERT INTO USER_PROFILE (USERNAME,NAME,EMAIL,DATE_OF_BIRTH,PASSWORD,CONTACT_NO,GENDER,TSHIRT_SIZE,HOUSE,STREET,CITY) VALUES ('bdrrhmn', 'Abedur Rahman Khan', 'abedurrahman03@gmail.com', TO_DATE('08-Mar-2001','DD-Mon-YYYY'), 'bJu08IPmMw2', '01798283440', 'Male', 'XXL', '7', 'Canary', 'Dagur');
INSERT INTO USER_PROFILE (USERNAME,NAME,EMAIL,DATE_OF_BIRTH,PASSWORD,CONTACT_NO,GENDER,TSHIRT_SIZE,HOUSE,STREET,CITY) VALUES ('tjkkbn', 'Tajakka Binte Aziz', 'tajakka2002@gmail.com', TO_DATE('06-Mar-2001','DD-Mon-YYYY'), 'tPh9Xk', '01805587068', 'Female', 'XXL', '3127', 'Raven', 'Tangkolo');
INSERT INTO USER_PROFILE (USERNAME,NAME,EMAIL,DATE_OF_BIRTH,PASSWORD,CONTACT_NO,GENDER,TSHIRT_SIZE,HOUSE,STREET,CITY) VALUES ('mdmrnlhq14', 'Md. Imran-ul-huq', 'ik11150500218@gmail.com', TO_DATE('17-Oct-1999','DD-Mon-YYYY'), 'T1Okoxm', '01818671316', 'Male', 'XXL', '8817', 'Schurz', 'Liangzeng');
INSERT INTO USER_PROFILE (USERNAME,NAME,EMAIL,DATE_OF_BIRTH,PASSWORD,CONTACT_NO,GENDER,TSHIRT_SIZE,HOUSE,STREET,CITY) VALUES ('shykhshhbl', 'Shykh Aash-Ha-Bul Yamin', 'shykhaashhabulyamin3112@gmail.com', TO_DATE('27-Jan-1999','DD-Mon-YYYY'), '3VCCqnfnXm8', '01826157163', 'Male', 'XXL', '30838', 'Anhalt', 'Hongshi');
INSERT INTO USER_PROFILE (USERNAME,NAME,EMAIL,DATE_OF_BIRTH,PASSWORD,CONTACT_NO,GENDER,TSHIRT_SIZE,HOUSE,STREET,CITY) VALUES ('rfnlmysh', 'Rafin Lamyea Shafneaz', 'neazrafin@gmail.com', TO_DATE('24-Feb-1998','DD-Mon-YYYY'), '8zZEfSBhBP', '01886673623', 'Male', 'XXL', '1', 'Muir', 'Paico');
INSERT INTO USER_PROFILE (USERNAME,NAME,EMAIL,DATE_OF_BIRTH,PASSWORD,CONTACT_NO,GENDER,TSHIRT_SIZE,HOUSE,STREET,CITY) VALUES ('dhrbbr02', 'Dhrubo Barua', 'iamdhrubobarua@gmail.com', TO_DATE('20-Jan-2000','DD-Mon-YYYY'), 'S15QN4fftw', '01898409859', 'Male', 'XXL', '3', 'Lerdahl', 'Xinshi');
INSERT INTO USER_PROFILE (USERNAME,NAME,EMAIL,DATE_OF_BIRTH,PASSWORD,CONTACT_NO,GENDER,TSHIRT_SIZE,HOUSE,STREET,CITY) VALUES ('mhmnbn', 'Muhaimin Bin Munir', 'muhaiminbinmunir@gmail.com', TO_DATE('01-May-1996','DD-Mon-YYYY'), 'plKFZLNQM', '01908366725', 'Male', 'XXL', '0', 'Dahle', 'Ben Arous');
INSERT INTO USER_PROFILE (USERNAME,NAME,EMAIL,DATE_OF_BIRTH,PASSWORD,CONTACT_NO,GENDER,TSHIRT_SIZE,HOUSE,STREET,CITY) VALUES ('shjtbnt', 'Shejuti Binte Firoz', 'shejutibinteferoz@gmail.com', TO_DATE('05-Apr-2001','DD-Mon-YYYY'), '5IWqr51SIjCk', '01922147697', 'Female', 'XXL', '71644', 'Commercial', 'Kalmar');
INSERT INTO USER_PROFILE (USERNAME,NAME,EMAIL,DATE_OF_BIRTH,PASSWORD,CONTACT_NO,GENDER,TSHIRT_SIZE,HOUSE,STREET,CITY) VALUES ('mdrftslm11', 'Md. Rifat Islam', 'rifat010bushra@gmail.com', TO_DATE('14-Jul-2001','DD-Mon-YYYY'), '5MDRc3zYvf', '01934914909', 'Male', 'XXL', '0', 'Nelson', 'Boju');
INSERT INTO USER_PROFILE (USERNAME,NAME,EMAIL,DATE_OF_BIRTH,PASSWORD,CONTACT_NO,GENDER,TSHIRT_SIZE,HOUSE,STREET,CITY) VALUES ('ngshbkshm', 'Angshu Bikash Mandol', 'angshubmandol@gmail.com', TO_DATE('15-Sep-1999','DD-Mon-YYYY'), 'aw3jEeGY', '01937619983', 'Male', 'XXL', '9260', 'New Castle', 'Arroyo Seco');
INSERT INTO USER_PROFILE (USERNAME,NAME,EMAIL,DATE_OF_BIRTH,PASSWORD,CONTACT_NO,GENDER,TSHIRT_SIZE,HOUSE,STREET,CITY) VALUES ('shbhshsry', 'Shubhashis Roy Dipta', 'iamdipta@gmail.com', TO_DATE('17-Jun-1993','DD-Mon-YYYY'), '43lz8SfizH0L', '01954183698', 'Male', 'XXL', '57679', 'Haas', 'Tambakromo');
INSERT INTO USER_PROFILE (USERNAME,NAME,EMAIL,DATE_OF_BIRTH,PASSWORD,CONTACT_NO,GENDER,TSHIRT_SIZE,HOUSE,STREET,CITY) VALUES ('mdjwdrr', 'Md. Jawadur Rahman', 'jawad.rahman405@protonmail.com', TO_DATE('30-Jan-1999','DD-Mon-YYYY'), 'tHnGIewymfq', '01957495437', 'Male', 'XXL', '389', 'Shoshone', 'Sardasht');
INSERT INTO USER_PROFILE (USERNAME,NAME,EMAIL,DATE_OF_BIRTH,PASSWORD,CONTACT_NO,GENDER,TSHIRT_SIZE,HOUSE,STREET,CITY) VALUES ('rbdshrfm', 'Rubaid Sharif Mahbub', 'rubaidsm@gmail.com', TO_DATE('19-Jan-2000','DD-Mon-YYYY'), 'lj5rLClUsW', '01970275612', 'Male', 'XXL', '30', 'Gulseth', 'Strání');
INSERT INTO USER_PROFILE (USERNAME,NAME,EMAIL,DATE_OF_BIRTH,PASSWORD,CONTACT_NO,GENDER,TSHIRT_SIZE,HOUSE,STREET,CITY) VALUES ('nmjhn23', 'Naima Jahan', 'jahannaima377@gmail.com', TO_DATE('31-Dec-2000','DD-Mon-YYYY'), 'gAfhDdefJDfG', '01976357230', 'Female', 'XXL', '59', 'Alpine', 'Kadurahayu');
INSERT INTO USER_PROFILE (USERNAME,NAME,EMAIL,DATE_OF_BIRTH,PASSWORD,CONTACT_NO,GENDER,TSHIRT_SIZE,HOUSE,STREET,CITY) VALUES ('mryhnfrds', 'M Rayhan Ferdous Faisal', 'ferdousfaisal07@gmail.com', TO_DATE('15-Apr-2000','DD-Mon-YYYY'), '4Vhjt6YI0ukT', '01977364433', 'Male', 'XXL', '4', 'Mcguire', 'Zinat');
INSERT INTO USER_PROFILE (USERNAME,NAME,EMAIL,DATE_OF_BIRTH,PASSWORD,CONTACT_NO,GENDER,TSHIRT_SIZE,HOUSE,STREET,CITY) VALUES ('shrqhsn31', 'Ishraq Hasan', 'ishraq10199@gmail.com', TO_DATE('27-Aug-2000','DD-Mon-YYYY'), 'i6XkBQ0yc', '01993535749', 'Male', 'XXL', '82', 'Farmco', 'Jönköping');
INSERT INTO USER_PROFILE (USERNAME,NAME,EMAIL,DATE_OF_BIRTH,PASSWORD,CONTACT_NO,GENDER,TSHIRT_SIZE,HOUSE,STREET,CITY) VALUES ('drswad', 'Nayeemul Islam Swad', 'drswad2013@gmail.com', TO_DATE('19-Nov-1999','DD-Mon-YYYY'), 's6dT8gaW', '01493443696', 'Male', 'XXL', '186', 'Shahbag', 'Dhaka');


INSERT INTO TEAM (TEAM_NAME,USERNAME,EMAIL,TEAM_RATING) VALUES ('MIST_Braindead', 'rynrhmn11', 'mistbraindead@gmail.com', '13.28');
INSERT INTO TEAM (TEAM_NAME,USERNAME,EMAIL,TEAM_RATING) VALUES ('MIST_ChillCoders', 'mhmnbn', 'chillcoders@gmail.com', '33.99');
INSERT INTO TEAM (TEAM_NAME,USERNAME,EMAIL,TEAM_RATING) VALUES ('MIST_CodeRedRebels', 'rynrhmn11', 'coderedrebels@gmail.com', '95.06');
INSERT INTO TEAM (TEAM_NAME,USERNAME,EMAIL,TEAM_RATING) VALUES ('MIST_Combatant', 'swpnlb', 'mistcombatant@gmail.com', '22.68');
INSERT INTO TEAM (TEAM_NAME,USERNAME,EMAIL,TEAM_RATING) VALUES ('MIST_CozyCoders', 'rynrhmn11', 'mistcozycoders@gmail.com', '13.8');
INSERT INTO TEAM (TEAM_NAME,USERNAME,EMAIL,TEAM_RATING) VALUES ('MIST_Decoders', 'mhmnbn', 'mistdecoders@gmail.com', '54.17');
INSERT INTO TEAM (TEAM_NAME,USERNAME,EMAIL,TEAM_RATING) VALUES ('MIST_EmptyBrains', 'rynrhmn11', 'mistemptybrains@gmail.com', '38.39');
INSERT INTO TEAM (TEAM_NAME,USERNAME,EMAIL,TEAM_RATING) VALUES ('MIST_ERRORs', 'swpnlb', 'misterrors@gmail.com', '41.16');
INSERT INTO TEAM (TEAM_NAME,USERNAME,EMAIL,TEAM_RATING) VALUES ('MIST_HakunaMatata', 'swpnlb', 'mistmkt@gmail.com', '27.08');
INSERT INTO TEAM (TEAM_NAME,USERNAME,EMAIL,TEAM_RATING) VALUES ('MIST_LimitBreak', 'swpnlb', 'mistlimitbreak@gmail.com', '29.72');
INSERT INTO TEAM (TEAM_NAME,USERNAME,EMAIL,TEAM_RATING) VALUES ('MIST_Lumos', 'rynrhmn11', 'mistlumos@gmail.com', '38.39');
INSERT INTO TEAM (TEAM_NAME,USERNAME,EMAIL,TEAM_RATING) VALUES ('MIST_MindwrapError', 'rynrhmn11', 'mindwraperror@gmail.com', '27.08');
INSERT INTO TEAM (TEAM_NAME,USERNAME,EMAIL,TEAM_RATING) VALUES ('MIST_Nutshell', 'swpnlb', 'mistnutshell@gmail.com', '13.8');
INSERT INTO TEAM (TEAM_NAME,USERNAME,EMAIL,TEAM_RATING) VALUES ('MIST_Phantoms', 'mhmnbn', 'mistphantoms@gmail.com', '46.06');
INSERT INTO TEAM (TEAM_NAME,USERNAME,EMAIL,TEAM_RATING) VALUES ('MIST_Redcoders', 'mhmnbn', 'mistredcoders@gmail.com', '24.04');
INSERT INTO TEAM (TEAM_NAME,USERNAME,EMAIL,TEAM_RATING) VALUES ('MIST_Restart', 'rynrhmn11', 'mistrestart@gmail.com', '38.94');
INSERT INTO TEAM (TEAM_NAME,USERNAME,EMAIL,TEAM_RATING) VALUES ('MIST_TeamElite', 'mhmnbn', 'mistteamelite@gmail.com', '19.27');
INSERT INTO TEAM (TEAM_NAME,USERNAME,EMAIL,TEAM_RATING) VALUES ('MIST_TeamPegasus', 'swpnlb', 'teampegasus@gmail.com', '27.08');
INSERT INTO TEAM (TEAM_NAME,USERNAME,EMAIL,TEAM_RATING) VALUES ('MIST_ThreeHorsemen', 'mhmnbn', 'shingara12@gmail.com', '44.78');
INSERT INTO TEAM (TEAM_NAME,USERNAME,EMAIL,TEAM_RATING) VALUES ('MIST_UpsideDown', 'swpnlb', 'mistupsidedown@gmail.com', '32.55');
INSERT INTO TEAM (TEAM_NAME,USERNAME,EMAIL,TEAM_RATING) VALUES ('MIST_ViewLogs', 'mhmnbn', 'mistviewlogs@gmail.com', '0');


INSERT INTO MEMBER (USERNAME,TEAM_NAME,STUDENT_ID,DEPT,REWARD_POINT,RATING) VALUES ('nwrnnnkhn', 'MIST_Braindead', '201914006', 'CSE', '41', '158.9');
INSERT INTO MEMBER (USERNAME,TEAM_NAME,STUDENT_ID,DEPT,REWARD_POINT,RATING) VALUES ('nzshhnzj', 'MIST_Braindead', '201914032', 'CSE', '464', '184.67');
INSERT INTO MEMBER (USERNAME,TEAM_NAME,STUDENT_ID,DEPT,REWARD_POINT,RATING) VALUES ('frznwr', 'MIST_Braindead', '201914033', 'CSE', '705', '63.34');
INSERT INTO MEMBER (USERNAME,TEAM_NAME,STUDENT_ID,DEPT,REWARD_POINT,RATING) VALUES ('llrys55', 'MIST_ChillCoders', '202014012', 'CSE', '436', '265');
INSERT INTO MEMBER (USERNAME,TEAM_NAME,STUDENT_ID,DEPT,REWARD_POINT,RATING) VALUES ('nrnhrn17', 'MIST_ChillCoders', '202014039', 'CSE', '726', '191.69');
INSERT INTO MEMBER (USERNAME,TEAM_NAME,STUDENT_ID,DEPT,REWARD_POINT,RATING) VALUES ('sbknnhr', 'MIST_ChillCoders', '202014043', 'CSE', '771', '157.24');
INSERT INTO MEMBER (USERNAME,TEAM_NAME,STUDENT_ID,DEPT,REWARD_POINT,RATING) VALUES ('smrkbl', 'MIST_CodeRedRebels', '201914056', 'CSE', '491', '114.78');
INSERT INTO MEMBER (USERNAME,TEAM_NAME,STUDENT_ID,DEPT,REWARD_POINT,RATING) VALUES ('mryhnfrds', 'MIST_CodeRedRebels', '202014022', 'CSE', '153', '293.58');
INSERT INTO MEMBER (USERNAME,TEAM_NAME,STUDENT_ID,DEPT,REWARD_POINT,RATING) VALUES ('trqhsnrz40', 'MIST_CodeRedRebels', '202014058', 'CSE', '667', '269.62');
INSERT INTO MEMBER (USERNAME,TEAM_NAME,STUDENT_ID,DEPT,REWARD_POINT,RATING) VALUES ('bdrrhmn', 'MIST_Combatant', '201914011', 'CSE', '467', '244.64');
INSERT INTO MEMBER (USERNAME,TEAM_NAME,STUDENT_ID,DEPT,REWARD_POINT,RATING) VALUES ('mrnktrp', 'MIST_Combatant', '201914027', 'CSE', '169', '57.05');
INSERT INTO MEMBER (USERNAME,TEAM_NAME,STUDENT_ID,DEPT,REWARD_POINT,RATING) VALUES ('mhmmdb', 'MIST_Combatant', '201914030', 'CSE', '358', '281.45');
INSERT INTO MEMBER (USERNAME,TEAM_NAME,STUDENT_ID,DEPT,REWARD_POINT,RATING) VALUES ('rrrf31', 'MIST_CozyCoders', '202114010', 'CSE', '673', '232.81');
INSERT INTO MEMBER (USERNAME,TEAM_NAME,STUDENT_ID,DEPT,REWARD_POINT,RATING) VALUES ('rbdshrfm', 'MIST_CozyCoders', '202114080', 'CSE', '35', '168.27');
INSERT INTO MEMBER (USERNAME,TEAM_NAME,STUDENT_ID,DEPT,REWARD_POINT,RATING) VALUES ('sjtyds54', 'MIST_CozyCoders', '202114089', 'CSE', '288', '99.61');
INSERT INTO MEMBER (USERNAME,TEAM_NAME,STUDENT_ID,DEPT,REWARD_POINT,RATING) VALUES ('brrmhrsm23', 'MIST_Decoders', '202114003', 'CSE', '703', '4.91');
INSERT INTO MEMBER (USERNAME,TEAM_NAME,STUDENT_ID,DEPT,REWARD_POINT,RATING) VALUES ('mnjbhsn22', 'MIST_Decoders', '202114068', 'CSE', '529', '29.95');
INSERT INTO MEMBER (USERNAME,TEAM_NAME,STUDENT_ID,DEPT,REWARD_POINT,RATING) VALUES ('zrfzsnm', 'MIST_Decoders', '202114107', 'CSE', '805', '119.42');
INSERT INTO MEMBER (USERNAME,TEAM_NAME,STUDENT_ID,DEPT,REWARD_POINT,RATING) VALUES ('frhnnsf', 'MIST_EmptyBrains', '202014014', 'CSE', '604', '48.27');
INSERT INTO MEMBER (USERNAME,TEAM_NAME,STUDENT_ID,DEPT,REWARD_POINT,RATING) VALUES ('mdrshdl', 'MIST_EmptyBrains', '202014033', 'CSE', '421', '54.36');
INSERT INTO MEMBER (USERNAME,TEAM_NAME,STUDENT_ID,DEPT,REWARD_POINT,RATING) VALUES ('tsnmllhs', 'MIST_EmptyBrains', '202014060', 'CSE', '35', '323.91');
INSERT INTO MEMBER (USERNAME,TEAM_NAME,STUDENT_ID,DEPT,REWARD_POINT,RATING) VALUES ('mdmhdmh', 'MIST_ERRORs', '202014028', 'CSE', '382', '146.04');
INSERT INTO MEMBER (USERNAME,TEAM_NAME,STUDENT_ID,DEPT,REWARD_POINT,RATING) VALUES ('shjtbnt', 'MIST_ERRORs', '202014051', 'CSE', '538', '39.02');
INSERT INTO MEMBER (USERNAME,TEAM_NAME,STUDENT_ID,DEPT,REWARD_POINT,RATING) VALUES ('tjkkbn', 'MIST_ERRORs', '202014056', 'CSE', '912', '1.53');
INSERT INTO MEMBER (USERNAME,TEAM_NAME,STUDENT_ID,DEPT,REWARD_POINT,RATING) VALUES ('khldhsn', 'MIST_HakunaMatata', '202014019', 'CSE', '902', '2.92');
INSERT INTO MEMBER (USERNAME,TEAM_NAME,STUDENT_ID,DEPT,REWARD_POINT,RATING) VALUES ('mhddb88', 'MIST_HakunaMatata', '202014024', 'CSE', '292', '123.82');
INSERT INTO MEMBER (USERNAME,TEAM_NAME,STUDENT_ID,DEPT,REWARD_POINT,RATING) VALUES ('mdtsflhq94', 'MIST_HakunaMatata', '202014036', 'CSE', '718', '174.21');
INSERT INTO MEMBER (USERNAME,TEAM_NAME,STUDENT_ID,DEPT,REWARD_POINT,RATING) VALUES ('frslm76', 'MIST_LimitBreak', '202114021', 'CSE', '141', '187.16');
INSERT INTO MEMBER (USERNAME,TEAM_NAME,STUDENT_ID,DEPT,REWARD_POINT,RATING) VALUES ('mdmrnlhq14', 'MIST_LimitBreak', '202114061', 'CSE', '859', '197.18');
INSERT INTO MEMBER (USERNAME,TEAM_NAME,STUDENT_ID,DEPT,REWARD_POINT,RATING) VALUES ('shykhshhbl', 'MIST_LimitBreak', '202114096', 'CSE', '264', '198.95');
INSERT INTO MEMBER (USERNAME,TEAM_NAME,STUDENT_ID,DEPT,REWARD_POINT,RATING) VALUES ('myshms', 'MIST_Lumos', '202114040', 'CSE', '868', '54.47');
INSERT INTO MEMBER (USERNAME,TEAM_NAME,STUDENT_ID,DEPT,REWARD_POINT,RATING) VALUES ('sdjhnmn16', 'MIST_Lumos', '202114085', 'CSE', '842', '217.26');
INSERT INTO MEMBER (USERNAME,TEAM_NAME,STUDENT_ID,DEPT,REWARD_POINT,RATING) VALUES ('sydrsr', 'MIST_Lumos', '202114101', 'CSE', '446', '147.71');
INSERT INTO MEMBER (USERNAME,TEAM_NAME,STUDENT_ID,DEPT,REWARD_POINT,RATING) VALUES ('frnn79', 'MIST_MindwrapError', '202114006', 'CSE', '811', '115.38');
INSERT INTO MEMBER (USERNAME,TEAM_NAME,STUDENT_ID,DEPT,REWARD_POINT,RATING) VALUES ('mhmmdsdq', 'MIST_MindwrapError', '202114064', 'CSE', '741', '18.69');
INSERT INTO MEMBER (USERNAME,TEAM_NAME,STUDENT_ID,DEPT,REWARD_POINT,RATING) VALUES ('shhnrrhmn', 'MIST_MindwrapError', '202114094', 'CSE', '942', '199.12');
INSERT INTO MEMBER (USERNAME,TEAM_NAME,STUDENT_ID,DEPT,REWARD_POINT,RATING) VALUES ('nndyprs', 'MIST_Nutshell', '202114014', 'CSE', '664', '256.67');
INSERT INTO MEMBER (USERNAME,TEAM_NAME,STUDENT_ID,DEPT,REWARD_POINT,RATING) VALUES ('mdnmlhqm', 'MIST_Nutshell', '202114048', 'CSE', '644', '262.99');
INSERT INTO MEMBER (USERNAME,TEAM_NAME,STUDENT_ID,DEPT,REWARD_POINT,RATING) VALUES ('mdnhdz', 'MIST_Nutshell', '202114050', 'CSE', '757', '170.35');
INSERT INTO MEMBER (USERNAME,TEAM_NAME,STUDENT_ID,DEPT,REWARD_POINT,RATING) VALUES ('dbhssn24', 'MIST_Phantoms', '202014003', 'CSE', '995', '98.94');
INSERT INTO MEMBER (USERNAME,TEAM_NAME,STUDENT_ID,DEPT,REWARD_POINT,RATING) VALUES ('mhmmdsm', 'MIST_Phantoms', '202014038', 'CSE', '447', '287.03');
INSERT INTO MEMBER (USERNAME,TEAM_NAME,STUDENT_ID,DEPT,REWARD_POINT,RATING) VALUES ('shkhmdsfrr', 'MIST_Phantoms', '202014051', 'CSE', '869', '238.11');
INSERT INTO MEMBER (USERNAME,TEAM_NAME,STUDENT_ID,DEPT,REWARD_POINT,RATING) VALUES ('mdjwdrr', 'MIST_Redcoders', '202114049', 'CSE', '662', '313.22');
INSERT INTO MEMBER (USERNAME,TEAM_NAME,STUDENT_ID,DEPT,REWARD_POINT,RATING) VALUES ('rbbhdl', 'MIST_Redcoders', '202114079', 'CSE', '316', '303.33');
INSERT INTO MEMBER (USERNAME,TEAM_NAME,STUDENT_ID,DEPT,REWARD_POINT,RATING) VALUES ('shkhrfs', 'MIST_Redcoders', '202114093', 'CSE', '40', '176.73');
INSERT INTO MEMBER (USERNAME,TEAM_NAME,STUDENT_ID,DEPT,REWARD_POINT,RATING) VALUES ('rnbsrcr52', 'MIST_Restart', '202014007', 'CSE', '827', '46.64');
INSERT INTO MEMBER (USERNAME,TEAM_NAME,STUDENT_ID,DEPT,REWARD_POINT,RATING) VALUES ('mdrftslm11', 'MIST_Restart', '202014034', 'CSE', '716', '151.41');
INSERT INTO MEMBER (USERNAME,TEAM_NAME,STUDENT_ID,DEPT,REWARD_POINT,RATING) VALUES ('mhddnblw', 'MIST_Restart', '202014037', 'CSE', '895', '77.11');
INSERT INTO MEMBER (USERNAME,TEAM_NAME,STUDENT_ID,DEPT,REWARD_POINT,RATING) VALUES ('stqfrq', 'MIST_TeamElite', '202114029', 'CSE', '711', '282.53');
INSERT INTO MEMBER (USERNAME,TEAM_NAME,STUDENT_ID,DEPT,REWARD_POINT,RATING) VALUES ('myshtsnm92', 'MIST_TeamElite', '202114041', 'CSE', '547', '68.68');
INSERT INTO MEMBER (USERNAME,TEAM_NAME,STUDENT_ID,DEPT,REWARD_POINT,RATING) VALUES ('smnfshmd18', 'MIST_TeamElite', '202114081', 'CSE', '190', '255.47');
INSERT INTO MEMBER (USERNAME,TEAM_NAME,STUDENT_ID,DEPT,REWARD_POINT,RATING) VALUES ('bdllhmr', 'MIST_TeamPegasus', '202114001', 'CSE', '894', '276.44');
INSERT INTO MEMBER (USERNAME,TEAM_NAME,STUDENT_ID,DEPT,REWARD_POINT,RATING) VALUES ('mdzkrhss', 'MIST_TeamPegasus', '202114060', 'CSE', '37', '326.62');
INSERT INTO MEMBER (USERNAME,TEAM_NAME,STUDENT_ID,DEPT,REWARD_POINT,RATING) VALUES ('shfshdmn', 'MIST_TeamPegasus', '202114091', 'CSE', '106', '327.57');
INSERT INTO MEMBER (USERNAME,TEAM_NAME,STUDENT_ID,DEPT,REWARD_POINT,RATING) VALUES ('trqlslm', 'MIST_ThreeHorsemen', '201914028', 'CSE', '724', '200.37');
INSERT INTO MEMBER (USERNAME,TEAM_NAME,STUDENT_ID,DEPT,REWARD_POINT,RATING) VALUES ('wsflslm17', 'MIST_ThreeHorsemen', '201914029', 'CSE', '478', '128.59');
INSERT INTO MEMBER (USERNAME,TEAM_NAME,STUDENT_ID,DEPT,REWARD_POINT,RATING) VALUES ('mhdkml', 'MIST_ThreeHorsemen', '201914035', 'CSE', '145', '87.23');
INSERT INTO MEMBER (USERNAME,TEAM_NAME,STUDENT_ID,DEPT,REWARD_POINT,RATING) VALUES ('hmdbdllh85', 'MIST_UpsideDown', '202114008', 'CSE', '333', '97.41');
INSERT INTO MEMBER (USERNAME,TEAM_NAME,STUDENT_ID,DEPT,REWARD_POINT,RATING) VALUES ('mrsltn76', 'MIST_UpsideDown', '202114038', 'CSE', '253', '275.29');
INSERT INTO MEMBER (USERNAME,TEAM_NAME,STUDENT_ID,DEPT,REWARD_POINT,RATING) VALUES ('mhmmdsbbrm', 'MIST_UpsideDown', '202114063', 'CSE', '723', '7.78');
INSERT INTO MEMBER (USERNAME,TEAM_NAME,STUDENT_ID,DEPT,REWARD_POINT,RATING) VALUES ('frnnbnthr', 'MIST_ViewLogs', '202114007', 'CSE', '322', '123.16');
INSERT INTO MEMBER (USERNAME,TEAM_NAME,STUDENT_ID,DEPT,REWARD_POINT,RATING) VALUES ('nmjhn23', 'MIST_ViewLogs', '202114073', 'CSE', '778', '30.35');
INSERT INTO MEMBER (USERNAME,TEAM_NAME,STUDENT_ID,DEPT,REWARD_POINT,RATING) VALUES ('smyshrmlsn', 'MIST_ViewLogs', '202114097', 'CSE', '648', '221.9');
INSERT INTO MEMBER (USERNAME,TEAM_NAME,STUDENT_ID,DEPT,REWARD_POINT,RATING) VALUES ('rynbrr65', '', '201914013', 'CSE', '334', '18.42');
INSERT INTO MEMBER (USERNAME,TEAM_NAME,STUDENT_ID,DEPT,REWARD_POINT,RATING) VALUES ('sbhtsnmkhns', '', '201914021', 'CSE', '500', '2.88');
INSERT INTO MEMBER (USERNAME,TEAM_NAME,STUDENT_ID,DEPT,REWARD_POINT,RATING) VALUES ('sjdhssn98', '', '201914031', 'CSE', '962', '301.06');
INSERT INTO MEMBER (USERNAME,TEAM_NAME,STUDENT_ID,DEPT,REWARD_POINT,RATING) VALUES ('mrnrhmn86', '', '201914036', 'CSE', '281', '90.4');
INSERT INTO MEMBER (USERNAME,TEAM_NAME,STUDENT_ID,DEPT,REWARD_POINT,RATING) VALUES ('mdhsnrht65', '', '201914037', 'CSE', '827', '89.42');
INSERT INTO MEMBER (USERNAME,TEAM_NAME,STUDENT_ID,DEPT,REWARD_POINT,RATING) VALUES ('thsnhmd', '', '201914050', 'CSE', '961', '192.64');
INSERT INTO MEMBER (USERNAME,TEAM_NAME,STUDENT_ID,DEPT,REWARD_POINT,RATING) VALUES ('lshkbr02', '', '202014006', 'CSE', '942', '226.48');
INSERT INTO MEMBER (USERNAME,TEAM_NAME,STUDENT_ID,DEPT,REWARD_POINT,RATING) VALUES ('nnbdllh', '', '202014013', 'CSE', '391', '274.46');
INSERT INTO MEMBER (USERNAME,TEAM_NAME,STUDENT_ID,DEPT,REWARD_POINT,RATING) VALUES ('tsfktrsr34', '', '202014059', 'CSE', '299', '238.05');


INSERT INTO ADMIN (USERNAME,INSTITUTE) VALUES ('rynrhmn11', 'Military Institute of Science and Technology');
INSERT INTO ADMIN (USERNAME,INSTITUTE) VALUES ('swpnlb', 'Military Institute of Science and Technology');
INSERT INTO ADMIN (USERNAME,INSTITUTE) VALUES ('mhmnbn', 'Military Institute of Science and Technology');
INSERT INTO ADMIN (USERNAME,INSTITUTE) VALUES ('trqhsnrz40', 'Military Institute of Science and Technology');
INSERT INTO ADMIN (USERNAME,INSTITUTE) VALUES ('smrkbl', 'Military Institute of Science and Technology');
INSERT INTO ADMIN (USERNAME,INSTITUTE) VALUES ('nzshhnzj', 'Military Institute of Science and Technology');
INSERT INTO ADMIN (USERNAME,INSTITUTE) VALUES ('bdrrhmn', 'Military Institute of Science and Technology');
INSERT INTO ADMIN (USERNAME,INSTITUTE) VALUES ('sjdhssn98', 'Military Institute of Science and Technology');
INSERT INTO ADMIN (USERNAME,INSTITUTE) VALUES ('trqlslm', 'Military Institute of Science and Technology');
INSERT INTO ADMIN (USERNAME,INSTITUTE) VALUES ('mhddnblw', 'Military Institute of Science and Technology');
INSERT INTO ADMIN (USERNAME,INSTITUTE) VALUES ('drswad', 'University of Dhaka');


INSERT INTO ALUMNI (USERNAME,STUDENT_ID,DEPT,BATCH,GRADUATION_YEAR) VALUES ('sfmhmd38', '201214040', 'CSE', 'CSE-12', TO_DATE('01-Jan-2016','DD-Mon-YYYY'));
INSERT INTO ALUMNI (USERNAME,STUDENT_ID,DEPT,BATCH,GRADUATION_YEAR) VALUES ('mdmhmdrrhmn', '201314014', 'CSE', 'CSE-13', TO_DATE('01-Jan-2017','DD-Mon-YYYY'));
INSERT INTO ALUMNI (USERNAME,STUDENT_ID,DEPT,BATCH,GRADUATION_YEAR) VALUES ('shbhshsry', '201314011', 'CSE', 'CSE-13', TO_DATE('01-Jan-2017','DD-Mon-YYYY'));
INSERT INTO ALUMNI (USERNAME,STUDENT_ID,DEPT,BATCH,GRADUATION_YEAR) VALUES ('mdshflslms', '201414049', 'CSE', 'CSE-14', TO_DATE('01-Jan-2018','DD-Mon-YYYY'));
INSERT INTO ALUMNI (USERNAME,STUDENT_ID,DEPT,BATCH,GRADUATION_YEAR) VALUES ('smfslrhmn', '201414107', 'CSE', 'CSE-14', TO_DATE('01-Jan-2018','DD-Mon-YYYY'));
INSERT INTO ALUMNI (USERNAME,STUDENT_ID,DEPT,BATCH,GRADUATION_YEAR) VALUES ('rynrhmn11', '201514098', 'CSE', 'CSE-15', TO_DATE('01-Jan-2019','DD-Mon-YYYY'));
INSERT INTO ALUMNI (USERNAME,STUDENT_ID,DEPT,BATCH,GRADUATION_YEAR) VALUES ('htzshmmr', '201514026', 'CSE', 'CSE-15', TO_DATE('01-Jan-2019','DD-Mon-YYYY'));
INSERT INTO ALUMNI (USERNAME,STUDENT_ID,DEPT,BATCH,GRADUATION_YEAR) VALUES ('swpnlb', '201614011', 'CSE', 'CSE-16', TO_DATE('01-Jan-2020','DD-Mon-YYYY'));
INSERT INTO ALUMNI (USERNAME,STUDENT_ID,DEPT,BATCH,GRADUATION_YEAR) VALUES ('shvnnvrd', '201614047', 'CSE', 'CSE-16', TO_DATE('01-Jan-2020','DD-Mon-YYYY'));
INSERT INTO ALUMNI (USERNAME,STUDENT_ID,DEPT,BATCH,GRADUATION_YEAR) VALUES ('mhmnbn', '201614016', 'CSE', 'CSE-16', TO_DATE('01-Jan-2020','DD-Mon-YYYY'));
INSERT INTO ALUMNI (USERNAME,STUDENT_ID,DEPT,BATCH,GRADUATION_YEAR) VALUES ('mdbdlwzd', '201714029', 'CSE', 'CSE-17', TO_DATE('01-Jan-2021','DD-Mon-YYYY'));
INSERT INTO ALUMNI (USERNAME,STUDENT_ID,DEPT,BATCH,GRADUATION_YEAR) VALUES ('rfnlmysh', '201714047', 'CSE', 'CSE-17', TO_DATE('01-Jan-2021','DD-Mon-YYYY'));
INSERT INTO ALUMNI (USERNAME,STUDENT_ID,DEPT,BATCH,GRADUATION_YEAR) VALUES ('fhmfysl27', '201814027', 'CSE', 'CSE-18', TO_DATE('01-Jan-2022','DD-Mon-YYYY'));
INSERT INTO ALUMNI (USERNAME,STUDENT_ID,DEPT,BATCH,GRADUATION_YEAR) VALUES ('mdrrrf', '201814050', 'CSE', 'CSE-18', TO_DATE('01-Jan-2022','DD-Mon-YYYY'));
INSERT INTO ALUMNI (USERNAME,STUDENT_ID,DEPT,BATCH,GRADUATION_YEAR) VALUES ('nmbnkhdmlb', '201814041', 'CSE', 'CSE-18', TO_DATE('01-Jan-2022','DD-Mon-YYYY'));
INSERT INTO ALUMNI (USERNAME,STUDENT_ID,DEPT,BATCH,GRADUATION_YEAR) VALUES ('shbhmdt', '201814039', 'CSE', 'CSE-18', TO_DATE('01-Jan-2022','DD-Mon-YYYY'));
INSERT INTO ALUMNI (USERNAME,STUDENT_ID,DEPT,BATCH,GRADUATION_YEAR) VALUES ('mdrknzzm', '201814021', 'CSE', 'CSE-18', TO_DATE('01-Jan-2022','DD-Mon-YYYY'));
INSERT INTO ALUMNI (USERNAME,STUDENT_ID,DEPT,BATCH,GRADUATION_YEAR) VALUES ('ngshbkshm', '201814026', 'CSE', 'CSE-18', TO_DATE('01-Jan-2022','DD-Mon-YYYY'));
INSERT INTO ALUMNI (USERNAME,STUDENT_ID,DEPT,BATCH,GRADUATION_YEAR) VALUES ('fthr48', '201814060', 'CSE', 'CSE-18', TO_DATE('01-Jan-2022','DD-Mon-YYYY'));
INSERT INTO ALUMNI (USERNAME,STUDENT_ID,DEPT,BATCH,GRADUATION_YEAR) VALUES ('dhrbbr02', '201814015', 'CSE', 'CSE-18', TO_DATE('01-Jan-2022','DD-Mon-YYYY'));
INSERT INTO ALUMNI (USERNAME,STUDENT_ID,DEPT,BATCH,GRADUATION_YEAR) VALUES ('shrqhsn31', '201814023', 'CSE', 'CSE-18', TO_DATE('01-Jan-2022','DD-Mon-YYYY'));
INSERT INTO ALUMNI (USERNAME,STUDENT_ID,DEPT,BATCH,GRADUATION_YEAR) VALUES ('mhnslmp', '201814037', 'CSE', 'CSE-18', TO_DATE('01-Jan-2022','DD-Mon-YYYY'));
INSERT INTO ALUMNI (USERNAME,STUDENT_ID,DEPT,BATCH,GRADUATION_YEAR) VALUES ('mhtsmfd79', '201814042', 'CSE', 'CSE-18', TO_DATE('01-Jan-2022','DD-Mon-YYYY'));


INSERT INTO ONLINE_JUDGE (JUDGE,HANDLE,USERNAME,RATING,SOLVE_COUNT) VALUES ('AtCoder', 'habul332', 'shykhshhbl', '996', '209');
INSERT INTO ONLINE_JUDGE (JUDGE,HANDLE,USERNAME,RATING,SOLVE_COUNT) VALUES ('CodeChef', 'abed216', 'bdrrhmn', '978', '62');
INSERT INTO ONLINE_JUDGE (JUDGE,HANDLE,USERNAME,RATING,SOLVE_COUNT) VALUES ('CodeChef', 'ellora', 'llrys55', '963', '117');
INSERT INTO ONLINE_JUDGE (JUDGE,HANDLE,USERNAME,RATING,SOLVE_COUNT) VALUES ('AtCoder', 'islam', 'trqlslm', '948', '119');
INSERT INTO ONLINE_JUDGE (JUDGE,HANDLE,USERNAME,RATING,SOLVE_COUNT) VALUES ('AtCoder', 'nuraia', 'nrnhrn17', '932', '176');
INSERT INTO ONLINE_JUDGE (JUDGE,HANDLE,USERNAME,RATING,SOLVE_COUNT) VALUES ('CodeForces', 'abed216', 'bdrrhmn', '930', '226');
INSERT INTO ONLINE_JUDGE (JUDGE,HANDLE,USERNAME,RATING,SOLVE_COUNT) VALUES ('CodeChef', 'mdenamul', 'mdnmlhqm', '924', '154');
INSERT INTO ONLINE_JUDGE (JUDGE,HANDLE,USERNAME,RATING,SOLVE_COUNT) VALUES ('CodeChef', 'khan66', 'nnbdllh', '883', '122');
INSERT INTO ONLINE_JUDGE (JUDGE,HANDLE,USERNAME,RATING,SOLVE_COUNT) VALUES ('CodeForces', 'saha', 'nndyprs', '877', '117');
INSERT INTO ONLINE_JUDGE (JUDGE,HANDLE,USERNAME,RATING,SOLVE_COUNT) VALUES ('CodeForces', 'rahman759', 'shhnrrhmn', '876', '197');
INSERT INTO ONLINE_JUDGE (JUDGE,HANDLE,USERNAME,RATING,SOLVE_COUNT) VALUES ('AtCoder', 'saha', 'nndyprs', '868', '167');
INSERT INTO ONLINE_JUDGE (JUDGE,HANDLE,USERNAME,RATING,SOLVE_COUNT) VALUES ('AtCoder', 'smnafis95', 'smnfshmd18', '836', '122');
INSERT INTO ONLINE_JUDGE (JUDGE,HANDLE,USERNAME,RATING,SOLVE_COUNT) VALUES ('CodeChef', 'nuraia34', 'nrnhrn17', '827', '96');
INSERT INTO ONLINE_JUDGE (JUDGE,HANDLE,USERNAME,RATING,SOLVE_COUNT) VALUES ('CodeChef', 'sara412', 'tsfktrsr34', '804', '97');
INSERT INTO ONLINE_JUDGE (JUDGE,HANDLE,USERNAME,RATING,SOLVE_COUNT) VALUES ('AtCoder', 'rahman62', 'shkhmdsfrr', '803', '81');
INSERT INTO ONLINE_JUDGE (JUDGE,HANDLE,USERNAME,RATING,SOLVE_COUNT) VALUES ('AtCoder', 'rizu31', 'trqhsnrz40', '1399', '218');
INSERT INTO ONLINE_JUDGE (JUDGE,HANDLE,USERNAME,RATING,SOLVE_COUNT) VALUES ('AtCoder', 'abed216', 'bdrrhmn', '1393', '213');
INSERT INTO ONLINE_JUDGE (JUDGE,HANDLE,USERNAME,RATING,SOLVE_COUNT) VALUES ('AtCoder', 'marzun', 'mdnmlhqm', '1388', '132');
INSERT INTO ONLINE_JUDGE (JUDGE,HANDLE,USERNAME,RATING,SOLVE_COUNT) VALUES ('AtCoder', 'rahman', 'shhnrrhmn', '1357', '96');
INSERT INTO ONLINE_JUDGE (JUDGE,HANDLE,USERNAME,RATING,SOLVE_COUNT) VALUES ('CodeForces', 'islam60', 'trqlslm', '1353', '92');
INSERT INTO ONLINE_JUDGE (JUDGE,HANDLE,USERNAME,RATING,SOLVE_COUNT) VALUES ('AtCoder', 'ulhuq738', 'mdmrnlhq14', '1351', '75');
INSERT INTO ONLINE_JUDGE (JUDGE,HANDLE,USERNAME,RATING,SOLVE_COUNT) VALUES ('CodeChef', 'shehnaz46', 'nzshhnzj', '1348', '51');
INSERT INTO ONLINE_JUDGE (JUDGE,HANDLE,USERNAME,RATING,SOLVE_COUNT) VALUES ('CodeForces', 'sanchita098', 'smyshrmlsn', '1329', '168');
INSERT INTO ONLINE_JUDGE (JUDGE,HANDLE,USERNAME,RATING,SOLVE_COUNT) VALUES ('CodeForces', 'ellora', 'llrys55', '1326', '186');
INSERT INTO ONLINE_JUDGE (JUDGE,HANDLE,USERNAME,RATING,SOLVE_COUNT) VALUES ('CodeChef', 'sanchita532', 'smyshrmlsn', '1309', '131');
INSERT INTO ONLINE_JUDGE (JUDGE,HANDLE,USERNAME,RATING,SOLVE_COUNT) VALUES ('CodeForces', 'kabir', 'lshkbr02', '1303', '222');
INSERT INTO ONLINE_JUDGE (JUDGE,HANDLE,USERNAME,RATING,SOLVE_COUNT) VALUES ('CodeChef', 'alisha', 'lshkbr02', '1302', '57');
INSERT INTO ONLINE_JUDGE (JUDGE,HANDLE,USERNAME,RATING,SOLVE_COUNT) VALUES ('CodeChef', 'saha', 'nndyprs', '1297', '192');
INSERT INTO ONLINE_JUDGE (JUDGE,HANDLE,USERNAME,RATING,SOLVE_COUNT) VALUES ('CodeChef', 'tariq', 'trqhsnrz40', '1284', '58');
INSERT INTO ONLINE_JUDGE (JUDGE,HANDLE,USERNAME,RATING,SOLVE_COUNT) VALUES ('CodeChef', 'mdsaifur', 'shkhmdsfrr', '1256', '204');
INSERT INTO ONLINE_JUDGE (JUDGE,HANDLE,USERNAME,RATING,SOLVE_COUNT) VALUES ('CodeForces', 'sadia', 'sdjhnmn16', '1238', '193');
INSERT INTO ONLINE_JUDGE (JUDGE,HANDLE,USERNAME,RATING,SOLVE_COUNT) VALUES ('CodeForces', 'khan', 'nnbdllh', '1220', '87');
INSERT INTO ONLINE_JUDGE (JUDGE,HANDLE,USERNAME,RATING,SOLVE_COUNT) VALUES ('CodeForces', 'marzun', 'mdnmlhqm', '1194', '53');
INSERT INTO ONLINE_JUDGE (JUDGE,HANDLE,USERNAME,RATING,SOLVE_COUNT) VALUES ('CodeForces', 'ahmed189', 'smnfshmd18', '1194', '205');
INSERT INTO ONLINE_JUDGE (JUDGE,HANDLE,USERNAME,RATING,SOLVE_COUNT) VALUES ('AtCoder', 'yasi244', 'llrys55', '1185', '145');
INSERT INTO ONLINE_JUDGE (JUDGE,HANDLE,USERNAME,RATING,SOLVE_COUNT) VALUES ('CodeForces', 'aash', 'shykhshhbl', '1182', '200');
INSERT INTO ONLINE_JUDGE (JUDGE,HANDLE,USERNAME,RATING,SOLVE_COUNT) VALUES ('CodeForces', 'shekh58', 'shkhmdsfrr', '1170', '247');
INSERT INTO ONLINE_JUDGE (JUDGE,HANDLE,USERNAME,RATING,SOLVE_COUNT) VALUES ('CodeForces', 'sara', 'tsfktrsr34', '1165', '207');
INSERT INTO ONLINE_JUDGE (JUDGE,HANDLE,USERNAME,RATING,SOLVE_COUNT) VALUES ('CodeChef', 'ahmed', 'thsnhmd', '1127', '190');
INSERT INTO ONLINE_JUDGE (JUDGE,HANDLE,USERNAME,RATING,SOLVE_COUNT) VALUES ('CodeForces', 'ulhuq', 'mdmrnlhq14', '1109', '189');
INSERT INTO ONLINE_JUDGE (JUDGE,HANDLE,USERNAME,RATING,SOLVE_COUNT) VALUES ('CodeChef', 'arr', 'rrrf31', '1098', '201');
INSERT INTO ONLINE_JUDGE (JUDGE,HANDLE,USERNAME,RATING,SOLVE_COUNT) VALUES ('CodeChef', 'nafis58', 'smnfshmd18', '1091', '113');
INSERT INTO ONLINE_JUDGE (JUDGE,HANDLE,USERNAME,RATING,SOLVE_COUNT) VALUES ('CodeChef', 'moon', 'sdjhnmn16', '1079', '139');
INSERT INTO ONLINE_JUDGE (JUDGE,HANDLE,USERNAME,RATING,SOLVE_COUNT) VALUES ('AtCoder', 'abdullah', 'nnbdllh', '1065', '241');
INSERT INTO ONLINE_JUDGE (JUDGE,HANDLE,USERNAME,RATING,SOLVE_COUNT) VALUES ('CodeChef', 'islam723', 'frslm76', '1055', '146');
INSERT INTO ONLINE_JUDGE (JUDGE,HANDLE,USERNAME,RATING,SOLVE_COUNT) VALUES ('CodeForces', 'rafi99', 'rrrf31', '1039', '56');
INSERT INTO ONLINE_JUDGE (JUDGE,HANDLE,USERNAME,RATING,SOLVE_COUNT) VALUES ('AtCoder', 'rafi292', 'rrrf31', '1038', '170');
INSERT INTO ONLINE_JUDGE (JUDGE,HANDLE,USERNAME,RATING,SOLVE_COUNT) VALUES ('AtCoder', 'tahsin', 'thsnhmd', '1036', '147');
INSERT INTO ONLINE_JUDGE (JUDGE,HANDLE,USERNAME,RATING,SOLVE_COUNT) VALUES ('AtCoder', 'tasfia', 'tsfktrsr34', '1036', '136');
INSERT INTO ONLINE_JUDGE (JUDGE,HANDLE,USERNAME,RATING,SOLVE_COUNT) VALUES ('CodeForces', 'rizu31', 'trqhsnrz40', '1002', '168');


INSERT INTO BADGE (BADGE_ID,BADGE_NAME,CONTEST_NAME) VALUES (CONCAT('B_',BADGE_ID_SEQ.NEXTVAL), 'Array1', 'Programming Adda 1 - Array');
INSERT INTO BADGE (BADGE_ID,BADGE_NAME,CONTEST_NAME) VALUES (CONCAT('B_',BADGE_ID_SEQ.NEXTVAL), 'Array2', 'Programming Adda 2 - Array Again');
INSERT INTO BADGE (BADGE_ID,BADGE_NAME,CONTEST_NAME) VALUES (CONCAT('B_',BADGE_ID_SEQ.NEXTVAL), 'String1', 'Programming Adda 3 - String');
INSERT INTO BADGE (BADGE_ID,BADGE_NAME,CONTEST_NAME) VALUES (CONCAT('B_',BADGE_ID_SEQ.NEXTVAL), 'String2', 'Programming Adda 4 - String Again');
INSERT INTO BADGE (BADGE_ID,BADGE_NAME,CONTEST_NAME) VALUES (CONCAT('B_',BADGE_ID_SEQ.NEXTVAL), 'BinarySearch', 'Shomadhan Jatra 1 - Binary Search');
INSERT INTO BADGE (BADGE_ID,BADGE_NAME,CONTEST_NAME) VALUES (CONCAT('B_',BADGE_ID_SEQ.NEXTVAL), 'Recursion1', 'Shomadhan Jatra 2 - Recursion');
INSERT INTO BADGE (BADGE_ID,BADGE_NAME,CONTEST_NAME) VALUES (CONCAT('B_',BADGE_ID_SEQ.NEXTVAL), 'Recursion2', 'Shomadhan Jatra 3 - Recursion Again');
INSERT INTO BADGE (BADGE_ID,BADGE_NAME,CONTEST_NAME) VALUES (CONCAT('B_',BADGE_ID_SEQ.NEXTVAL), 'Backtrack', 'Shomadhan Jatra 4 - Backtrack');
INSERT INTO BADGE (BADGE_ID,BADGE_NAME,CONTEST_NAME) VALUES (CONCAT('B_',BADGE_ID_SEQ.NEXTVAL), 'Vector1', 'Shomadhan Jatra 5 - Vector');
INSERT INTO BADGE (BADGE_ID,BADGE_NAME,CONTEST_NAME) VALUES (CONCAT('B_',BADGE_ID_SEQ.NEXTVAL), 'Vector2', 'Shomadhan Jatra 6 - Vector Again');
INSERT INTO BADGE (BADGE_ID,BADGE_NAME,CONTEST_NAME) VALUES (CONCAT('B_',BADGE_ID_SEQ.NEXTVAL), 'Map1', 'Shomadhan Jatra 7 - Map');
INSERT INTO BADGE (BADGE_ID,BADGE_NAME,CONTEST_NAME) VALUES (CONCAT('B_',BADGE_ID_SEQ.NEXTVAL), 'Map2', 'Shomadhan Jatra 8 - Map Again');
INSERT INTO BADGE (BADGE_ID,BADGE_NAME,CONTEST_NAME) VALUES (CONCAT('B_',BADGE_ID_SEQ.NEXTVAL), 'Set', 'Shomadhan Jatra 9 - Set and Multiset');
INSERT INTO BADGE (BADGE_ID,BADGE_NAME,CONTEST_NAME) VALUES (CONCAT('B_',BADGE_ID_SEQ.NEXTVAL), 'Stack&Queue', 'Shomadhan Jatra 10 - Stack and Queue');
INSERT INTO BADGE (BADGE_ID,BADGE_NAME,CONTEST_NAME) VALUES (CONCAT('B_',BADGE_ID_SEQ.NEXTVAL), 'NumberTheory1', 'Intermediate 1 - Number Theory');
INSERT INTO BADGE (BADGE_ID,BADGE_NAME,CONTEST_NAME) VALUES (CONCAT('B_',BADGE_ID_SEQ.NEXTVAL), 'NumberTheory2', 'Intermediate 2 - Number Theory Again');
INSERT INTO BADGE (BADGE_ID,BADGE_NAME,CONTEST_NAME) VALUES (CONCAT('B_',BADGE_ID_SEQ.NEXTVAL), 'Combinatorics', 'Intermediate 3 - Combinatorics');
INSERT INTO BADGE (BADGE_ID,BADGE_NAME,CONTEST_NAME) VALUES (CONCAT('B_',BADGE_ID_SEQ.NEXTVAL), 'Implementation', 'Intermediate 4 - STL Implementation');
INSERT INTO BADGE (BADGE_ID,BADGE_NAME,CONTEST_NAME) VALUES (CONCAT('B_',BADGE_ID_SEQ.NEXTVAL), 'AdvString', 'Intermediate 5 - Advanced String Algorithms');
INSERT INTO BADGE (BADGE_ID,BADGE_NAME,CONTEST_NAME) VALUES (CONCAT('B_',BADGE_ID_SEQ.NEXTVAL), 'Graph1', 'Intermediate 6 - BFS');
INSERT INTO BADGE (BADGE_ID,BADGE_NAME,CONTEST_NAME) VALUES (CONCAT('B_',BADGE_ID_SEQ.NEXTVAL), 'Graph2', 'Intermediate 7 - DFS');
INSERT INTO BADGE (BADGE_ID,BADGE_NAME,CONTEST_NAME) VALUES (CONCAT('B_',BADGE_ID_SEQ.NEXTVAL), 'DP1', 'Advanced 1 - Basic DP');
INSERT INTO BADGE (BADGE_ID,BADGE_NAME,CONTEST_NAME) VALUES (CONCAT('B_',BADGE_ID_SEQ.NEXTVAL), 'DP2', 'Advanced 2 - Advanced DP');


INSERT INTO ACHIEVED_BY (USERNAME,BADGE_ID) VALUES ('bdllhmr', 'B_1001');
INSERT INTO ACHIEVED_BY (USERNAME,BADGE_ID) VALUES ('dbhssn24', 'B_1001');
INSERT INTO ACHIEVED_BY (USERNAME,BADGE_ID) VALUES ('frnn79', 'B_1001');
INSERT INTO ACHIEVED_BY (USERNAME,BADGE_ID) VALUES ('khldhsn', 'B_1001');
INSERT INTO ACHIEVED_BY (USERNAME,BADGE_ID) VALUES ('lshkbr02', 'B_1001');
INSERT INTO ACHIEVED_BY (USERNAME,BADGE_ID) VALUES ('mdhsnrht65', 'B_1001');
INSERT INTO ACHIEVED_BY (USERNAME,BADGE_ID) VALUES ('mdmrnlhq14', 'B_1001');
INSERT INTO ACHIEVED_BY (USERNAME,BADGE_ID) VALUES ('mhddnblw', 'B_1001');
INSERT INTO ACHIEVED_BY (USERNAME,BADGE_ID) VALUES ('myshms', 'B_1001');
INSERT INTO ACHIEVED_BY (USERNAME,BADGE_ID) VALUES ('rnbsrcr52', 'B_1001');
INSERT INTO ACHIEVED_BY (USERNAME,BADGE_ID) VALUES ('sdjhnmn16', 'B_1001');
INSERT INTO ACHIEVED_BY (USERNAME,BADGE_ID) VALUES ('shhnrrhmn', 'B_1001');
INSERT INTO ACHIEVED_BY (USERNAME,BADGE_ID) VALUES ('shkhmdsfrr', 'B_1001');
INSERT INTO ACHIEVED_BY (USERNAME,BADGE_ID) VALUES ('sjdhssn98', 'B_1001');
INSERT INTO ACHIEVED_BY (USERNAME,BADGE_ID) VALUES ('zrfzsnm', 'B_1001');
INSERT INTO ACHIEVED_BY (USERNAME,BADGE_ID) VALUES ('bdllhmr', 'B_1002');
INSERT INTO ACHIEVED_BY (USERNAME,BADGE_ID) VALUES ('dbhssn24', 'B_1002');
INSERT INTO ACHIEVED_BY (USERNAME,BADGE_ID) VALUES ('frnn79', 'B_1002');
INSERT INTO ACHIEVED_BY (USERNAME,BADGE_ID) VALUES ('khldhsn', 'B_1002');
INSERT INTO ACHIEVED_BY (USERNAME,BADGE_ID) VALUES ('lshkbr02', 'B_1002');
INSERT INTO ACHIEVED_BY (USERNAME,BADGE_ID) VALUES ('mdhsnrht65', 'B_1002');
INSERT INTO ACHIEVED_BY (USERNAME,BADGE_ID) VALUES ('mdmrnlhq14', 'B_1002');
INSERT INTO ACHIEVED_BY (USERNAME,BADGE_ID) VALUES ('mhddnblw', 'B_1002');
INSERT INTO ACHIEVED_BY (USERNAME,BADGE_ID) VALUES ('myshms', 'B_1002');
INSERT INTO ACHIEVED_BY (USERNAME,BADGE_ID) VALUES ('rnbsrcr52', 'B_1002');
INSERT INTO ACHIEVED_BY (USERNAME,BADGE_ID) VALUES ('sdjhnmn16', 'B_1002');
INSERT INTO ACHIEVED_BY (USERNAME,BADGE_ID) VALUES ('shhnrrhmn', 'B_1002');
INSERT INTO ACHIEVED_BY (USERNAME,BADGE_ID) VALUES ('thsnhmd', 'B_1002');
INSERT INTO ACHIEVED_BY (USERNAME,BADGE_ID) VALUES ('tjkkbn', 'B_1002');
INSERT INTO ACHIEVED_BY (USERNAME,BADGE_ID) VALUES ('zrfzsnm', 'B_1002');
INSERT INTO ACHIEVED_BY (USERNAME,BADGE_ID) VALUES ('bdllhmr', 'B_1003');
INSERT INTO ACHIEVED_BY (USERNAME,BADGE_ID) VALUES ('dbhssn24', 'B_1003');
INSERT INTO ACHIEVED_BY (USERNAME,BADGE_ID) VALUES ('frnn79', 'B_1003');
INSERT INTO ACHIEVED_BY (USERNAME,BADGE_ID) VALUES ('khldhsn', 'B_1003');
INSERT INTO ACHIEVED_BY (USERNAME,BADGE_ID) VALUES ('lshkbr02', 'B_1003');
INSERT INTO ACHIEVED_BY (USERNAME,BADGE_ID) VALUES ('mdhsnrht65', 'B_1003');
INSERT INTO ACHIEVED_BY (USERNAME,BADGE_ID) VALUES ('mdmrnlhq14', 'B_1003');
INSERT INTO ACHIEVED_BY (USERNAME,BADGE_ID) VALUES ('mhddnblw', 'B_1003');
INSERT INTO ACHIEVED_BY (USERNAME,BADGE_ID) VALUES ('myshms', 'B_1003');
INSERT INTO ACHIEVED_BY (USERNAME,BADGE_ID) VALUES ('rnbsrcr52', 'B_1003');
INSERT INTO ACHIEVED_BY (USERNAME,BADGE_ID) VALUES ('sdjhnmn16', 'B_1003');
INSERT INTO ACHIEVED_BY (USERNAME,BADGE_ID) VALUES ('shhnrrhmn', 'B_1003');
INSERT INTO ACHIEVED_BY (USERNAME,BADGE_ID) VALUES ('shkhmdsfrr', 'B_1003');
INSERT INTO ACHIEVED_BY (USERNAME,BADGE_ID) VALUES ('sjdhssn98', 'B_1003');
INSERT INTO ACHIEVED_BY (USERNAME,BADGE_ID) VALUES ('thsnhmd', 'B_1003');
INSERT INTO ACHIEVED_BY (USERNAME,BADGE_ID) VALUES ('tjkkbn', 'B_1003');
INSERT INTO ACHIEVED_BY (USERNAME,BADGE_ID) VALUES ('bdllhmr', 'B_1004');
INSERT INTO ACHIEVED_BY (USERNAME,BADGE_ID) VALUES ('frnn79', 'B_1004');
INSERT INTO ACHIEVED_BY (USERNAME,BADGE_ID) VALUES ('khldhsn', 'B_1004');
INSERT INTO ACHIEVED_BY (USERNAME,BADGE_ID) VALUES ('lshkbr02', 'B_1004');
INSERT INTO ACHIEVED_BY (USERNAME,BADGE_ID) VALUES ('mdhsnrht65', 'B_1004');
INSERT INTO ACHIEVED_BY (USERNAME,BADGE_ID) VALUES ('mdmrnlhq14', 'B_1004');
INSERT INTO ACHIEVED_BY (USERNAME,BADGE_ID) VALUES ('mhddnblw', 'B_1004');
INSERT INTO ACHIEVED_BY (USERNAME,BADGE_ID) VALUES ('myshms', 'B_1004');
INSERT INTO ACHIEVED_BY (USERNAME,BADGE_ID) VALUES ('rnbsrcr52', 'B_1004');
INSERT INTO ACHIEVED_BY (USERNAME,BADGE_ID) VALUES ('sdjhnmn16', 'B_1004');
INSERT INTO ACHIEVED_BY (USERNAME,BADGE_ID) VALUES ('shhnrrhmn', 'B_1004');
INSERT INTO ACHIEVED_BY (USERNAME,BADGE_ID) VALUES ('shkhmdsfrr', 'B_1004');
INSERT INTO ACHIEVED_BY (USERNAME,BADGE_ID) VALUES ('sjdhssn98', 'B_1004');
INSERT INTO ACHIEVED_BY (USERNAME,BADGE_ID) VALUES ('thsnhmd', 'B_1004');
INSERT INTO ACHIEVED_BY (USERNAME,BADGE_ID) VALUES ('tjkkbn', 'B_1004');
INSERT INTO ACHIEVED_BY (USERNAME,BADGE_ID) VALUES ('zrfzsnm', 'B_1004');
INSERT INTO ACHIEVED_BY (USERNAME,BADGE_ID) VALUES ('frnn79', 'B_1005');
INSERT INTO ACHIEVED_BY (USERNAME,BADGE_ID) VALUES ('khldhsn', 'B_1005');
INSERT INTO ACHIEVED_BY (USERNAME,BADGE_ID) VALUES ('lshkbr02', 'B_1005');
INSERT INTO ACHIEVED_BY (USERNAME,BADGE_ID) VALUES ('mdhsnrht65', 'B_1005');
INSERT INTO ACHIEVED_BY (USERNAME,BADGE_ID) VALUES ('mdmrnlhq14', 'B_1005');
INSERT INTO ACHIEVED_BY (USERNAME,BADGE_ID) VALUES ('myshms', 'B_1005');
INSERT INTO ACHIEVED_BY (USERNAME,BADGE_ID) VALUES ('rnbsrcr52', 'B_1005');
INSERT INTO ACHIEVED_BY (USERNAME,BADGE_ID) VALUES ('sdjhnmn16', 'B_1005');
INSERT INTO ACHIEVED_BY (USERNAME,BADGE_ID) VALUES ('shhnrrhmn', 'B_1005');
INSERT INTO ACHIEVED_BY (USERNAME,BADGE_ID) VALUES ('shkhmdsfrr', 'B_1005');
INSERT INTO ACHIEVED_BY (USERNAME,BADGE_ID) VALUES ('sjdhssn98', 'B_1005');
INSERT INTO ACHIEVED_BY (USERNAME,BADGE_ID) VALUES ('zrfzsnm', 'B_1005');
INSERT INTO ACHIEVED_BY (USERNAME,BADGE_ID) VALUES ('lshkbr02', 'B_1006');
INSERT INTO ACHIEVED_BY (USERNAME,BADGE_ID) VALUES ('shhnrrhmn', 'B_1006');
INSERT INTO ACHIEVED_BY (USERNAME,BADGE_ID) VALUES ('thsnhmd', 'B_1006');
INSERT INTO ACHIEVED_BY (USERNAME,BADGE_ID) VALUES ('tjkkbn', 'B_1006');
INSERT INTO ACHIEVED_BY (USERNAME,BADGE_ID) VALUES ('zrfzsnm', 'B_1007');
INSERT INTO ACHIEVED_BY (USERNAME,BADGE_ID) VALUES ('thsnhmd', 'B_1008');
INSERT INTO ACHIEVED_BY (USERNAME,BADGE_ID) VALUES ('tjkkbn', 'B_1008');
INSERT INTO ACHIEVED_BY (USERNAME,BADGE_ID) VALUES ('tjkkbn', 'B_1009');


INSERT INTO REWARD (REWARD_ID,REWARD_NAME,REQUIRED_POINTS,USERNAME,ORDER_STATUS) VALUES (CONCAT('R_',REWARD_ID_SEQ.NEXTVAL), 'Backpack', '1000', 'thsnhmd', 'Delivered');
INSERT INTO REWARD (REWARD_ID,REWARD_NAME,REQUIRED_POINTS,USERNAME,ORDER_STATUS) VALUES (CONCAT('R_',REWARD_ID_SEQ.NEXTVAL), 'Backpack', '1000', 'mdmrnlhq14', 'Delivered');
INSERT INTO REWARD (REWARD_ID,REWARD_NAME,REQUIRED_POINTS,USERNAME,ORDER_STATUS) VALUES (CONCAT('R_',REWARD_ID_SEQ.NEXTVAL), 'Black T-Shirt L', '750', '', 'Available');
INSERT INTO REWARD (REWARD_ID,REWARD_NAME,REQUIRED_POINTS,USERNAME,ORDER_STATUS) VALUES (CONCAT('R_',REWARD_ID_SEQ.NEXTVAL), 'Black T-Shirt L', '750', '', 'Available');
INSERT INTO REWARD (REWARD_ID,REWARD_NAME,REQUIRED_POINTS,USERNAME,ORDER_STATUS) VALUES (CONCAT('R_',REWARD_ID_SEQ.NEXTVAL), 'Black T-Shirt L', '750', 'sdjhnmn16', 'Delivered');
INSERT INTO REWARD (REWARD_ID,REWARD_NAME,REQUIRED_POINTS,USERNAME,ORDER_STATUS) VALUES (CONCAT('R_',REWARD_ID_SEQ.NEXTVAL), 'Black T-Shirt XL', '750', '', 'Available');
INSERT INTO REWARD (REWARD_ID,REWARD_NAME,REQUIRED_POINTS,USERNAME,ORDER_STATUS) VALUES (CONCAT('R_',REWARD_ID_SEQ.NEXTVAL), 'Black T-Shirt XL', '750', 'mhmmdsdq', 'Delivered');
INSERT INTO REWARD (REWARD_ID,REWARD_NAME,REQUIRED_POINTS,USERNAME,ORDER_STATUS) VALUES (CONCAT('R_',REWARD_ID_SEQ.NEXTVAL), 'Black T-Shirt XL', '750', 'lshkbr02', 'Processing');
INSERT INTO REWARD (REWARD_ID,REWARD_NAME,REQUIRED_POINTS,USERNAME,ORDER_STATUS) VALUES (CONCAT('R_',REWARD_ID_SEQ.NEXTVAL), 'Black T-Shirt XXL', '750', '', 'Available');
INSERT INTO REWARD (REWARD_ID,REWARD_NAME,REQUIRED_POINTS,USERNAME,ORDER_STATUS) VALUES (CONCAT('R_',REWARD_ID_SEQ.NEXTVAL), 'Black T-Shirt XXL', '750', 'tjkkbn', 'Delivered');
INSERT INTO REWARD (REWARD_ID,REWARD_NAME,REQUIRED_POINTS,USERNAME,ORDER_STATUS) VALUES (CONCAT('R_',REWARD_ID_SEQ.NEXTVAL), 'Black T-Shirt XXL', '750', 'nrnhrn17', 'Processing');
INSERT INTO REWARD (REWARD_ID,REWARD_NAME,REQUIRED_POINTS,USERNAME,ORDER_STATUS) VALUES (CONCAT('R_',REWARD_ID_SEQ.NEXTVAL), 'Mug', '550', '', 'Available');
INSERT INTO REWARD (REWARD_ID,REWARD_NAME,REQUIRED_POINTS,USERNAME,ORDER_STATUS) VALUES (CONCAT('R_',REWARD_ID_SEQ.NEXTVAL), 'Mug', '550', 'sjdhssn98', 'Processing');
INSERT INTO REWARD (REWARD_ID,REWARD_NAME,REQUIRED_POINTS,USERNAME,ORDER_STATUS) VALUES (CONCAT('R_',REWARD_ID_SEQ.NEXTVAL), 'Notebook', '350', '', 'Available');
INSERT INTO REWARD (REWARD_ID,REWARD_NAME,REQUIRED_POINTS,USERNAME,ORDER_STATUS) VALUES (CONCAT('R_',REWARD_ID_SEQ.NEXTVAL), 'Notebook', '350', '', 'Available');
INSERT INTO REWARD (REWARD_ID,REWARD_NAME,REQUIRED_POINTS,USERNAME,ORDER_STATUS) VALUES (CONCAT('R_',REWARD_ID_SEQ.NEXTVAL), 'White T-Shirt L', '700', '', 'Available');
INSERT INTO REWARD (REWARD_ID,REWARD_NAME,REQUIRED_POINTS,USERNAME,ORDER_STATUS) VALUES (CONCAT('R_',REWARD_ID_SEQ.NEXTVAL), 'White T-Shirt L', '700', 'khldhsn', 'Processing');
INSERT INTO REWARD (REWARD_ID,REWARD_NAME,REQUIRED_POINTS,USERNAME,ORDER_STATUS) VALUES (CONCAT('R_',REWARD_ID_SEQ.NEXTVAL), 'White T-Shirt L', '700', 'trqlslm', 'Processing');
INSERT INTO REWARD (REWARD_ID,REWARD_NAME,REQUIRED_POINTS,USERNAME,ORDER_STATUS) VALUES (CONCAT('R_',REWARD_ID_SEQ.NEXTVAL), 'Mug', '550', '', 'Available');
INSERT INTO REWARD (REWARD_ID,REWARD_NAME,REQUIRED_POINTS,USERNAME,ORDER_STATUS) VALUES (CONCAT('R_',REWARD_ID_SEQ.NEXTVAL), 'White T-Shirt XL', '700', 'mhddnblw', 'Processing');
INSERT INTO REWARD (REWARD_ID,REWARD_NAME,REQUIRED_POINTS,USERNAME,ORDER_STATUS) VALUES (CONCAT('R_',REWARD_ID_SEQ.NEXTVAL), 'White T-Shirt XXL', '700', '', 'Available');
INSERT INTO REWARD (REWARD_ID,REWARD_NAME,REQUIRED_POINTS,USERNAME,ORDER_STATUS) VALUES (CONCAT('R_',REWARD_ID_SEQ.NEXTVAL), 'White T-Shirt XXL', '700', '', 'Available');


INSERT INTO PROFESSION (PROFESSION_ID,USERNAME,ORGANIZATION,DESIGNATION,START_DATE,END_DATE) VALUES (CONCAT('P_',PROFESSION_ID_SEQ.NEXTVAL), 'sfmhmd38', 'QI Analysis', 'Software Engineer', TO_DATE('Jan 2016','Mon YYYY'), TO_DATE('Nov 2016','Mon YYYY'));
INSERT INTO PROFESSION (PROFESSION_ID,USERNAME,ORGANIZATION,DESIGNATION,START_DATE,END_DATE) VALUES (CONCAT('P_',PROFESSION_ID_SEQ.NEXTVAL), 'sfmhmd38', 'QI Analysis', 'Quality Assurance Specialist', TO_DATE('Jan 2016','Mon YYYY'), TO_DATE('Nov 2016','Mon YYYY'));
INSERT INTO PROFESSION (PROFESSION_ID,USERNAME,ORGANIZATION,DESIGNATION,START_DATE,END_DATE) VALUES (CONCAT('P_',PROFESSION_ID_SEQ.NEXTVAL), 'sfmhmd38', 'The University of Lethbridge', 'Graduate Teaching Assistant', TO_DATE('Jan 2018','Mon YYYY'), TO_DATE('Dec 2019','Mon YYYY'));
INSERT INTO PROFESSION (PROFESSION_ID,USERNAME,ORGANIZATION,DESIGNATION,START_DATE,END_DATE) VALUES (CONCAT('P_',PROFESSION_ID_SEQ.NEXTVAL), 'sfmhmd38', 'Shoppers Drug Mart', 'Front Store Supervisor', TO_DATE('Aug 2020','Mon YYYY'), TO_DATE('Mar 2021','Mon YYYY'));
INSERT INTO PROFESSION (PROFESSION_ID,USERNAME,ORGANIZATION,DESIGNATION,START_DATE,END_DATE) VALUES (CONCAT('P_',PROFESSION_ID_SEQ.NEXTVAL), 'sfmhmd38', 'Guardian EMR', 'Software Developer', TO_DATE('Mar 2021','Mon YYYY'), TO_DATE('Mar 2022','Mon YYYY'));
INSERT INTO PROFESSION (PROFESSION_ID,USERNAME,ORGANIZATION,DESIGNATION,START_DATE,END_DATE) VALUES (CONCAT('P_',PROFESSION_ID_SEQ.NEXTVAL), 'sfmhmd38', 'Amazon', 'Software Development Engineer', TO_DATE('Apr 2022','Mon YYYY'), '');
INSERT INTO PROFESSION (PROFESSION_ID,USERNAME,ORGANIZATION,DESIGNATION,START_DATE,END_DATE) VALUES (CONCAT('P_',PROFESSION_ID_SEQ.NEXTVAL), 'mdmhmdrrhmn', 'Meta', 'Software Engineer', TO_DATE('Nov 2020','Mon YYYY'), '');
INSERT INTO PROFESSION (PROFESSION_ID,USERNAME,ORGANIZATION,DESIGNATION,START_DATE,END_DATE) VALUES (CONCAT('P_',PROFESSION_ID_SEQ.NEXTVAL), 'mdmhmdrrhmn', 'Enosis Solutions', 'Senior Software Engineer', TO_DATE('May 2018','Mon YYYY'), TO_DATE('Oct 2020','Mon YYYY'));
INSERT INTO PROFESSION (PROFESSION_ID,USERNAME,ORGANIZATION,DESIGNATION,START_DATE,END_DATE) VALUES (CONCAT('P_',PROFESSION_ID_SEQ.NEXTVAL), 'mdmhmdrrhmn', 'Enosis Solutions', 'Software Engineer', TO_DATE('Feb 2017','Mon YYYY'), TO_DATE('Apr 2018','Mon YYYY'));
INSERT INTO PROFESSION (PROFESSION_ID,USERNAME,ORGANIZATION,DESIGNATION,START_DATE,END_DATE) VALUES (CONCAT('P_',PROFESSION_ID_SEQ.NEXTVAL), 'shbhshsry', 'University of Maryland Baltimore County', 'Graduate Research Assistant', TO_DATE('May 2021','Mon YYYY'), '');
INSERT INTO PROFESSION (PROFESSION_ID,USERNAME,ORGANIZATION,DESIGNATION,START_DATE,END_DATE) VALUES (CONCAT('P_',PROFESSION_ID_SEQ.NEXTVAL), 'shbhshsry', 'University of Maryland Baltimore County', 'Graduate Teaching Assistant', TO_DATE('Jan 2021','Mon YYYY'), TO_DATE('May 2021','Mon YYYY'));
INSERT INTO PROFESSION (PROFESSION_ID,USERNAME,ORGANIZATION,DESIGNATION,START_DATE,END_DATE) VALUES (CONCAT('P_',PROFESSION_ID_SEQ.NEXTVAL), 'shbhshsry', 'Sapien', 'Full Stack Software Engineer (Remote)', TO_DATE('Apr 2019','Mon YYYY'), TO_DATE('Apr 2021','Mon YYYY'));
INSERT INTO PROFESSION (PROFESSION_ID,USERNAME,ORGANIZATION,DESIGNATION,START_DATE,END_DATE) VALUES (CONCAT('P_',PROFESSION_ID_SEQ.NEXTVAL), 'shbhshsry', 'Backpack', 'Software Engineer', TO_DATE('Oct 2018','Mon YYYY'), TO_DATE('Mar 2019','Mon YYYY'));
INSERT INTO PROFESSION (PROFESSION_ID,USERNAME,ORGANIZATION,DESIGNATION,START_DATE,END_DATE) VALUES (CONCAT('P_',PROFESSION_ID_SEQ.NEXTVAL), 'shbhshsry', 'SELISE rockin’ software', 'Software Engineer', TO_DATE('Feb 2018','Mon YYYY'), TO_DATE('Sep 2018','Mon YYYY'));
INSERT INTO PROFESSION (PROFESSION_ID,USERNAME,ORGANIZATION,DESIGNATION,START_DATE,END_DATE) VALUES (CONCAT('P_',PROFESSION_ID_SEQ.NEXTVAL), 'shbhshsry', 'IPvision Canada', 'Junior Software Engineer', TO_DATE('Aug 2017','Mon YYYY'), TO_DATE('Jan 2018','Mon YYYY'));
INSERT INTO PROFESSION (PROFESSION_ID,USERNAME,ORGANIZATION,DESIGNATION,START_DATE,END_DATE) VALUES (CONCAT('P_',PROFESSION_ID_SEQ.NEXTVAL), 'htzshmmr', 'Amazon', 'Software Engineer', TO_DATE('Nov 2020','Mon YYYY'), '');
INSERT INTO PROFESSION (PROFESSION_ID,USERNAME,ORGANIZATION,DESIGNATION,START_DATE,END_DATE) VALUES (CONCAT('P_',PROFESSION_ID_SEQ.NEXTVAL), 'htzshmmr', 'CodeMarshal', 'Software Engineer', TO_DATE('Feb 2019','Mon YYYY'), TO_DATE('Oct 2020','Mon YYYY'));
INSERT INTO PROFESSION (PROFESSION_ID,USERNAME,ORGANIZATION,DESIGNATION,START_DATE,END_DATE) VALUES (CONCAT('P_',PROFESSION_ID_SEQ.NEXTVAL), 'shvnnvrd', 'Samsung Bangladesh', 'Software Engineer', TO_DATE('Feb 2020','Mon YYYY'), '');


INSERT INTO ADMIN_POSITION (USERNAME,POSITION) VALUES ('rynrhmn11', 'Moderator');
INSERT INTO ADMIN_POSITION (USERNAME,POSITION) VALUES ('swpnlb', 'Moderator');
INSERT INTO ADMIN_POSITION (USERNAME,POSITION) VALUES ('mhmnbn', 'Moderator');
INSERT INTO ADMIN_POSITION (USERNAME,POSITION) VALUES ('trqhsnrz40', 'Joint Secretary');
INSERT INTO ADMIN_POSITION (USERNAME,POSITION) VALUES ('smrkbl', 'President');
INSERT INTO ADMIN_POSITION (USERNAME,POSITION) VALUES ('nzshhnzj', 'Executive Director');
INSERT INTO ADMIN_POSITION (USERNAME,POSITION) VALUES ('bdrrhmn', 'Treasurer');
INSERT INTO ADMIN_POSITION (USERNAME,POSITION) VALUES ('sjdhssn98', 'Vice President');
INSERT INTO ADMIN_POSITION (USERNAME,POSITION) VALUES ('trqlslm', 'Secretary');
INSERT INTO ADMIN_POSITION (USERNAME,POSITION) VALUES ('mhddnblw', 'Assistant Treasurer');
INSERT INTO ADMIN_POSITION (USERNAME,POSITION) VALUES ('drswad', 'Trainer');
INSERT INTO ADMIN_POSITION (USERNAME,POSITION) VALUES ('trqhsnrz40', 'Instructor');
INSERT INTO ADMIN_POSITION (USERNAME,POSITION) VALUES ('smrkbl', 'Instructor');
INSERT INTO ADMIN_POSITION (USERNAME,POSITION) VALUES ('nzshhnzj', 'Instructor');
INSERT INTO ADMIN_POSITION (USERNAME,POSITION) VALUES ('trqlslm', 'Instructor');
INSERT INTO ADMIN_POSITION (USERNAME,POSITION) VALUES ('mhddnblw', 'Instructor');


INSERT INTO ALUMNI_POSITION (USERNAME,POSITION) VALUES ('shbhmdt', 'Instructor');
INSERT INTO ALUMNI_POSITION (USERNAME,POSITION) VALUES ('shbhmdt', 'President');
INSERT INTO ALUMNI_POSITION (USERNAME,POSITION) VALUES ('shbhmdt', 'Vice President');
INSERT INTO ALUMNI_POSITION (USERNAME,POSITION) VALUES ('shbhmdt', 'Executive Member');
INSERT INTO ALUMNI_POSITION (USERNAME,POSITION) VALUES ('fhmfysl27', 'Executive Member');
INSERT INTO ALUMNI_POSITION (USERNAME,POSITION) VALUES ('fhmfysl27', 'Treasurer');
INSERT INTO ALUMNI_POSITION (USERNAME,POSITION) VALUES ('mdrknzzm', 'Executive Member');
INSERT INTO ALUMNI_POSITION (USERNAME,POSITION) VALUES ('mdrknzzm', 'Joint Secretary');
INSERT INTO ALUMNI_POSITION (USERNAME,POSITION) VALUES ('mdrknzzm', 'Vice President');
INSERT INTO ALUMNI_POSITION (USERNAME,POSITION) VALUES ('fthr48', 'Executive Member');
INSERT INTO ALUMNI_POSITION (USERNAME,POSITION) VALUES ('fthr48', 'Executive Director');
INSERT INTO ALUMNI_POSITION (USERNAME,POSITION) VALUES ('mdrrrf', 'Vice President');
INSERT INTO ALUMNI_POSITION (USERNAME,POSITION) VALUES ('mdrrrf', 'Executive Member');
INSERT INTO ALUMNI_POSITION (USERNAME,POSITION) VALUES ('nmbnkhdmlb', 'Vice President');
INSERT INTO ALUMNI_POSITION (USERNAME,POSITION) VALUES ('nmbnkhdmlb', 'Executive Member');
INSERT INTO ALUMNI_POSITION (USERNAME,POSITION) VALUES ('ngshbkshm', 'Executive Member');
INSERT INTO ALUMNI_POSITION (USERNAME,POSITION) VALUES ('ngshbkshm', 'Executive Director');
INSERT INTO ALUMNI_POSITION (USERNAME,POSITION) VALUES ('mhtsmfd79', 'Vice President');
INSERT INTO ALUMNI_POSITION (USERNAME,POSITION) VALUES ('mhtsmfd79', 'Instructor');
INSERT INTO ALUMNI_POSITION (USERNAME,POSITION) VALUES ('mhtsmfd79', 'Executive Member');
INSERT INTO ALUMNI_POSITION (USERNAME,POSITION) VALUES ('shrqhsn31', 'Executive Member');
INSERT INTO ALUMNI_POSITION (USERNAME,POSITION) VALUES ('shrqhsn31', 'Instructor');
INSERT INTO ALUMNI_POSITION (USERNAME,POSITION) VALUES ('shrqhsn31', 'Executive Director');
INSERT INTO ALUMNI_POSITION (USERNAME,POSITION) VALUES ('mhnslmp', 'Vice President');
INSERT INTO ALUMNI_POSITION (USERNAME,POSITION) VALUES ('mhnslmp', 'Assistant Treasurer');


INSERT INTO ALUMNI_PROJECT (USERNAME,PROJECTS) VALUES ('htzshmmr', 'Pseudalopex gymnocercus');
INSERT INTO ALUMNI_PROJECT (USERNAME,PROJECTS) VALUES ('mdbdlwzd', 'Cebus apella');
INSERT INTO ALUMNI_PROJECT (USERNAME,PROJECTS) VALUES ('mdmhmdrrhmn', 'Morelia spilotes variegata');
INSERT INTO ALUMNI_PROJECT (USERNAME,PROJECTS) VALUES ('mdrknzzm', 'Didelphis virginiana');
INSERT INTO ALUMNI_PROJECT (USERNAME,PROJECTS) VALUES ('mdrrrf', 'Zalophus californicus');
INSERT INTO ALUMNI_PROJECT (USERNAME,PROJECTS) VALUES ('mdshflslms', 'Varanus vanaticus');
INSERT INTO ALUMNI_PROJECT (USERNAME,PROJECTS) VALUES ('mhmnbn', 'Ctenophorus ornatus');
INSERT INTO ALUMNI_PROJECT (USERNAME,PROJECTS) VALUES ('mhnslmp', 'Plegadis ridgwayi');
INSERT INTO ALUMNI_PROJECT (USERNAME,PROJECTS) VALUES ('htzshmmr', 'Leptoptilos crumeniferus');
INSERT INTO ALUMNI_PROJECT (USERNAME,PROJECTS) VALUES ('mdbdlwzd', 'Egretta thula');
INSERT INTO ALUMNI_PROJECT (USERNAME,PROJECTS) VALUES ('mdmhmdrrhmn', 'Sceloporus magister');
INSERT INTO ALUMNI_PROJECT (USERNAME,PROJECTS) VALUES ('mdrknzzm', 'Graspus graspus');
INSERT INTO ALUMNI_PROJECT (USERNAME,PROJECTS) VALUES ('htzshmmr', 'Merops vanaticus');
INSERT INTO ALUMNI_PROJECT (USERNAME,PROJECTS) VALUES ('mdbdlwzd', 'Anser caerulescens');
INSERT INTO ALUMNI_PROJECT (USERNAME,PROJECTS) VALUES ('mdmhmdrrhmn', 'Bubo virginianus');
INSERT INTO ALUMNI_PROJECT (USERNAME,PROJECTS) VALUES ('mdrknzzm', 'Speothos vanaticus');
INSERT INTO ALUMNI_PROJECT (USERNAME,PROJECTS) VALUES ('mdrrrf', 'Propithecus verreauxi');
INSERT INTO ALUMNI_PROJECT (USERNAME,PROJECTS) VALUES ('mdshflslms', 'Cordylus giganteus');
INSERT INTO ALUMNI_PROJECT (USERNAME,PROJECTS) VALUES ('mhmnbn', 'Crotalus triseriatus');
INSERT INTO ALUMNI_PROJECT (USERNAME,PROJECTS) VALUES ('mhnslmp', 'Laniaurius atrococcineus');
INSERT INTO ALUMNI_PROJECT (USERNAME,PROJECTS) VALUES ('mhtsmfd79', 'Anhinga rufa');
INSERT INTO ALUMNI_PROJECT (USERNAME,PROJECTS) VALUES ('ngshbkshm', 'Cacatua galerita');
INSERT INTO ALUMNI_PROJECT (USERNAME,PROJECTS) VALUES ('nmbnkhdmlb', 'Eumetopias jubatus');
INSERT INTO ALUMNI_PROJECT (USERNAME,PROJECTS) VALUES ('rfnlmysh', 'Tapirus terrestris');
INSERT INTO ALUMNI_PROJECT (USERNAME,PROJECTS) VALUES ('rynrhmn11', 'Plegadis ridgwayi');
INSERT INTO ALUMNI_PROJECT (USERNAME,PROJECTS) VALUES ('sfmhmd38', 'Limnocorax flavirostra');
INSERT INTO ALUMNI_PROJECT (USERNAME,PROJECTS) VALUES ('shbhmdt', 'Panthera pardus');
INSERT INTO ALUMNI_PROJECT (USERNAME,PROJECTS) VALUES ('shbhshsry', 'Balearica pavonina');


INSERT INTO HANDLES (USERNAME,JUDGE,TEAM_NAME) VALUES ('MIST_Brain_Dead', 'Vjudge', 'MIST_Braindead');
INSERT INTO HANDLES (USERNAME,JUDGE,TEAM_NAME) VALUES ('MIST_Combatant', 'Vjudge', 'MIST_Combatant');
INSERT INTO HANDLES (USERNAME,JUDGE,TEAM_NAME) VALUES ('Shingara_12', 'Vjudge', 'MIST_ThreeHorsemen');
INSERT INTO HANDLES (USERNAME,JUDGE,TEAM_NAME) VALUES ('CodeRedRebels', 'Vjudge', 'MIST_CodeRedRebels');
INSERT INTO HANDLES (USERNAME,JUDGE,TEAM_NAME) VALUES ('MIST_MKT', 'Vjudge', 'MIST_HakunaMatata');
INSERT INTO HANDLES (USERNAME,JUDGE,TEAM_NAME) VALUES ('mist_phantoms', 'Vjudge', 'MIST_Phantoms');
INSERT INTO HANDLES (USERNAME,JUDGE,TEAM_NAME) VALUES ('MIST_EmptyBrains', 'Vjudge', 'MIST_EmptyBrains');
INSERT INTO HANDLES (USERNAME,JUDGE,TEAM_NAME) VALUES ('MIST_ERRORs', 'Vjudge', 'MIST_ERRORs');
INSERT INTO HANDLES (USERNAME,JUDGE,TEAM_NAME) VALUES ('ChillCoders', 'Vjudge', 'MIST_ChillCoders');
INSERT INTO HANDLES (USERNAME,JUDGE,TEAM_NAME) VALUES ('MIST_Restart', 'Vjudge', 'MIST_Restart');
INSERT INTO HANDLES (USERNAME,JUDGE,TEAM_NAME) VALUES ('MIST_LimitBreak', 'Vjudge', 'MIST_LimitBreak');
INSERT INTO HANDLES (USERNAME,JUDGE,TEAM_NAME) VALUES ('Mist_Decoders', 'Vjudge', 'MIST_Decoders');
INSERT INTO HANDLES (USERNAME,JUDGE,TEAM_NAME) VALUES ('MIST_Lumos', 'Vjudge', 'MIST_Lumos');
INSERT INTO HANDLES (USERNAME,JUDGE,TEAM_NAME) VALUES ('mistupsidedown', 'Vjudge', 'MIST_UpsideDown');
INSERT INTO HANDLES (USERNAME,JUDGE,TEAM_NAME) VALUES ('MIST_TeamElite', 'Vjudge', 'MIST_TeamElite');
INSERT INTO HANDLES (USERNAME,JUDGE,TEAM_NAME) VALUES ('MindWrapError', 'Vjudge', 'MIST_MindwrapError');
INSERT INTO HANDLES (USERNAME,JUDGE,TEAM_NAME) VALUES ('Team_Pegasus', 'Vjudge', 'MIST_TeamPegasus');
INSERT INTO HANDLES (USERNAME,JUDGE,TEAM_NAME) VALUES ('MIST_RedCoders', 'Vjudge', 'MIST_Redcoders');
INSERT INTO HANDLES (USERNAME,JUDGE,TEAM_NAME) VALUES ('MIST_CozyCoders', 'Vjudge', 'MIST_CozyCoders');
INSERT INTO HANDLES (USERNAME,JUDGE,TEAM_NAME) VALUES ('Mist_Nutshell', 'Vjudge', 'MIST_Nutshell');
INSERT INTO HANDLES (USERNAME,JUDGE,TEAM_NAME) VALUES ('mistviewlogs', 'Vjudge', 'MIST_ViewLogs');
INSERT INTO HANDLES (USERNAME,JUDGE,TEAM_NAME) VALUES ('ChillCoders', 'CodeForces', 'MIST_ChillCoders');
INSERT INTO HANDLES (USERNAME,JUDGE,TEAM_NAME) VALUES ('mistupsidedown', 'CodeForces', 'MIST_UpsideDown');
INSERT INTO HANDLES (USERNAME,JUDGE,TEAM_NAME) VALUES ('Team_Pegasus', 'CodeForces', 'MIST_TeamPegasus');
INSERT INTO HANDLES (USERNAME,JUDGE,TEAM_NAME) VALUES ('MIST_RedCoders', 'CodeForces', 'MIST_Redcoders');


INSERT INTO COURSE (COURSE_ID,OVERVIEW,PRICE,START_TIME,DURATION) VALUES (CONCAT('C_',COURSE_ID_SEQ.NEXTVAL),  'Tempsoft', 280, TO_DATE('12-Aug-2022','DD-Mon-YYYY'), 71);
INSERT INTO COURSE (COURSE_ID,OVERVIEW,PRICE,START_TIME,DURATION) VALUES (CONCAT('C_',COURSE_ID_SEQ.NEXTVAL),  'Subin', 140, TO_DATE('19-Jul-2022','DD-Mon-YYYY'), 58);
INSERT INTO COURSE (COURSE_ID,OVERVIEW,PRICE,START_TIME,DURATION) VALUES (CONCAT('C_',COURSE_ID_SEQ.NEXTVAL),  'Mat Lam Tam', 320, TO_DATE('11-Sep-2022','DD-Mon-YYYY'), 9);
INSERT INTO COURSE (COURSE_ID,OVERVIEW,PRICE,START_TIME,DURATION) VALUES (CONCAT('C_',COURSE_ID_SEQ.NEXTVAL),  'Cardguard', 600, TO_DATE('13-Oct-2022','DD-Mon-YYYY'), 36);
INSERT INTO COURSE (COURSE_ID,OVERVIEW,PRICE,START_TIME,DURATION) VALUES (CONCAT('C_',COURSE_ID_SEQ.NEXTVAL),  'Veribet', 920, TO_DATE('10-Sep-2022','DD-Mon-YYYY'), 97);
INSERT INTO COURSE (COURSE_ID,OVERVIEW,PRICE,START_TIME,DURATION) VALUES (CONCAT('C_',COURSE_ID_SEQ.NEXTVAL),  'Sonsing', 580, TO_DATE('28-Oct-2022','DD-Mon-YYYY'), 30);
INSERT INTO COURSE (COURSE_ID,OVERVIEW,PRICE,START_TIME,DURATION) VALUES (CONCAT('C_',COURSE_ID_SEQ.NEXTVAL),  'Bytecard', 1000, TO_DATE('11-Nov-2022','DD-Mon-YYYY'), 85);
INSERT INTO COURSE (COURSE_ID,OVERVIEW,PRICE,START_TIME,DURATION) VALUES (CONCAT('C_',COURSE_ID_SEQ.NEXTVAL),  'Daltfresh', 380, TO_DATE('01-Sep-2022','DD-Mon-YYYY'), 47);
INSERT INTO COURSE (COURSE_ID,OVERVIEW,PRICE,START_TIME,DURATION) VALUES (CONCAT('C_',COURSE_ID_SEQ.NEXTVAL),  'Mat Lam Tam', 520, TO_DATE('19-Jul-2022','DD-Mon-YYYY'), 94);
INSERT INTO COURSE (COURSE_ID,OVERVIEW,PRICE,START_TIME,DURATION) VALUES (CONCAT('C_',COURSE_ID_SEQ.NEXTVAL),  'Overhold', 160, TO_DATE('21-Oct-2022','DD-Mon-YYYY'), 53);
INSERT INTO COURSE (COURSE_ID,OVERVIEW,PRICE,START_TIME,DURATION) VALUES (CONCAT('C_',COURSE_ID_SEQ.NEXTVAL),  'Redhold', 1250, TO_DATE('28-Dec-2022','DD-Mon-YYYY'), 58);


INSERT INTO ENROLL (USERNAME,COURSE_ID,AMOUNT) VALUES ('wsflslm17', 'C_1001', '280');
INSERT INTO ENROLL (USERNAME,COURSE_ID,AMOUNT) VALUES ('llrys55', 'C_1002', '140');
INSERT INTO ENROLL (USERNAME,COURSE_ID,AMOUNT) VALUES ('rynbrr65', 'C_1003', '320');
INSERT INTO ENROLL (USERNAME,COURSE_ID,AMOUNT) VALUES ('zrfzsnm', 'C_1004', '500');
INSERT INTO ENROLL (USERNAME,COURSE_ID,AMOUNT) VALUES ('tsfktrsr34', 'C_1004', '600');
INSERT INTO ENROLL (USERNAME,COURSE_ID,AMOUNT) VALUES ('nmjhn23', 'C_1005', '920');
INSERT INTO ENROLL (USERNAME,COURSE_ID,AMOUNT) VALUES ('smnfshmd18', 'C_1005', '920');
INSERT INTO ENROLL (USERNAME,COURSE_ID,AMOUNT) VALUES ('mdrftslm11', 'C_1006', '510');
INSERT INTO ENROLL (USERNAME,COURSE_ID,AMOUNT) VALUES ('frslm76', 'C_1006', '580');
INSERT INTO ENROLL (USERNAME,COURSE_ID,AMOUNT) VALUES ('rrrf31', 'C_1007', '1000');
INSERT INTO ENROLL (USERNAME,COURSE_ID,AMOUNT) VALUES ('rbdshrfm', 'C_1007', '1000');
INSERT INTO ENROLL (USERNAME,COURSE_ID,AMOUNT) VALUES ('bdllhmr', 'C_1008', '380');
INSERT INTO ENROLL (USERNAME,COURSE_ID,AMOUNT) VALUES ('myshtsnm92', 'C_1008', '380');
INSERT INTO ENROLL (USERNAME,COURSE_ID,AMOUNT) VALUES ('zrfzsnm', 'C_1009', '520');
INSERT INTO ENROLL (USERNAME,COURSE_ID,AMOUNT) VALUES ('bdllhmr', 'C_1010', '0');


INSERT INTO OFFER (USERNAME,COURSE_ID) VALUES ('rynrhmn11', 'C_1001');
INSERT INTO OFFER (USERNAME,COURSE_ID) VALUES ('swpnlb', 'C_1002');
INSERT INTO OFFER (USERNAME,COURSE_ID) VALUES ('mhmnbn', 'C_1003');
INSERT INTO OFFER (USERNAME,COURSE_ID) VALUES ('rynrhmn11', 'C_1004');
INSERT INTO OFFER (USERNAME,COURSE_ID) VALUES ('swpnlb', 'C_1005');
INSERT INTO OFFER (USERNAME,COURSE_ID) VALUES ('mhmnbn', 'C_1006');
INSERT INTO OFFER (USERNAME,COURSE_ID) VALUES ('mhmnbn', 'C_1007');
INSERT INTO OFFER (USERNAME,COURSE_ID) VALUES ('rynrhmn11', 'C_1007');
INSERT INTO OFFER (USERNAME,COURSE_ID) VALUES ('mhmnbn', 'C_1008');
INSERT INTO OFFER (USERNAME,COURSE_ID) VALUES ('nzshhnzj', 'C_1008');
INSERT INTO OFFER (USERNAME,COURSE_ID) VALUES ('swpnlb', 'C_1008');
INSERT INTO OFFER (USERNAME,COURSE_ID) VALUES ('trqlslm', 'C_1008');
INSERT INTO OFFER (USERNAME,COURSE_ID) VALUES ('mhmnbn', 'C_1009');
INSERT INTO OFFER (USERNAME,COURSE_ID) VALUES ('rynrhmn11', 'C_1009');
INSERT INTO OFFER (USERNAME,COURSE_ID) VALUES ('smrkbl', 'C_1010');
INSERT INTO OFFER (USERNAME,COURSE_ID) VALUES ('swpnlb', 'C_1010');
INSERT INTO OFFER (USERNAME,COURSE_ID) VALUES ('trqlslm', 'C_1010');
INSERT INTO OFFER (USERNAME,COURSE_ID) VALUES ('nzshhnzj', 'C_1011');


INSERT INTO TEACHERS (COURSE_ID,TEACHER) VALUES ('C_1001', 'Marv Allawy');
INSERT INTO TEACHERS (COURSE_ID,TEACHER) VALUES ('C_1002', 'Nettie Grouen');
INSERT INTO TEACHERS (COURSE_ID,TEACHER) VALUES ('C_1003', 'Aube Olliar');
INSERT INTO TEACHERS (COURSE_ID,TEACHER) VALUES ('C_1003', 'Joeann Dureden');
INSERT INTO TEACHERS (COURSE_ID,TEACHER) VALUES ('C_1004', 'Toma Barritt');
INSERT INTO TEACHERS (COURSE_ID,TEACHER) VALUES ('C_1004', 'Cordy Ovise');
INSERT INTO TEACHERS (COURSE_ID,TEACHER) VALUES ('C_1005', 'Trudie Peacocke');
INSERT INTO TEACHERS (COURSE_ID,TEACHER) VALUES ('C_1005', 'Matias Etherton');
INSERT INTO TEACHERS (COURSE_ID,TEACHER) VALUES ('C_1006', 'Madella Duncklee');
INSERT INTO TEACHERS (COURSE_ID,TEACHER) VALUES ('C_1006', 'Clive Beneix');
INSERT INTO TEACHERS (COURSE_ID,TEACHER) VALUES ('C_1006', 'Kendrick Enrrico');
INSERT INTO TEACHERS (COURSE_ID,TEACHER) VALUES ('C_1006', 'Ingrim Carss');
INSERT INTO TEACHERS (COURSE_ID,TEACHER) VALUES ('C_1007', 'Ondrea Braidon');
INSERT INTO TEACHERS (COURSE_ID,TEACHER) VALUES ('C_1007', 'Marv Allawy');
INSERT INTO TEACHERS (COURSE_ID,TEACHER) VALUES ('C_1008', 'Nettie Grouen');
INSERT INTO TEACHERS (COURSE_ID,TEACHER) VALUES ('C_1008', 'Aube Olliar');
INSERT INTO TEACHERS (COURSE_ID,TEACHER) VALUES ('C_1009', 'Joeann Dureden');
INSERT INTO TEACHERS (COURSE_ID,TEACHER) VALUES ('C_1010', 'Toma Barritt');
INSERT INTO TEACHERS (COURSE_ID,TEACHER) VALUES ('C_1010', 'Cordy Ovise');
INSERT INTO TEACHERS (COURSE_ID,TEACHER) VALUES ('C_1011', 'Trudie Peacocke');
INSERT INTO TEACHERS (COURSE_ID,TEACHER) VALUES ('C_1011', 'Matias Etherton');
INSERT INTO TEACHERS (COURSE_ID,TEACHER) VALUES ('C_1011', 'Madella Duncklee');


INSERT INTO TASK (TASK_ID,USERNAME,DURATION) VALUES (CONCAT('T_',TASK_ID_SEQ.NEXTVAL), 'smrkbl', '5');
INSERT INTO TASK (TASK_ID,USERNAME,DURATION) VALUES (CONCAT('T_',TASK_ID_SEQ.NEXTVAL), 'nzshhnzj', '10');
INSERT INTO TASK (TASK_ID,USERNAME,DURATION) VALUES (CONCAT('T_',TASK_ID_SEQ.NEXTVAL), 'bdrrhmn', '13');
INSERT INTO TASK (TASK_ID,USERNAME,DURATION) VALUES (CONCAT('T_',TASK_ID_SEQ.NEXTVAL), 'sjdhssn98', '3');
INSERT INTO TASK (TASK_ID,USERNAME,DURATION) VALUES (CONCAT('T_',TASK_ID_SEQ.NEXTVAL), 'trqlslm', '19');
INSERT INTO TASK (TASK_ID,USERNAME,DURATION) VALUES (CONCAT('T_',TASK_ID_SEQ.NEXTVAL), 'bdrrhmn', '6');
INSERT INTO TASK (TASK_ID,USERNAME,DURATION) VALUES (CONCAT('T_',TASK_ID_SEQ.NEXTVAL), 'smrkbl', '7');
INSERT INTO TASK (TASK_ID,USERNAME,DURATION) VALUES (CONCAT('T_',TASK_ID_SEQ.NEXTVAL), 'nzshhnzj', '8');
INSERT INTO TASK (TASK_ID,USERNAME,DURATION) VALUES (CONCAT('T_',TASK_ID_SEQ.NEXTVAL), 'bdrrhmn', '7');
INSERT INTO TASK (TASK_ID,USERNAME,DURATION) VALUES (CONCAT('T_',TASK_ID_SEQ.NEXTVAL), 'sjdhssn98', '9');
INSERT INTO TASK (TASK_ID,USERNAME,DURATION) VALUES (CONCAT('T_',TASK_ID_SEQ.NEXTVAL), 'trqlslm', '12');
INSERT INTO TASK (TASK_ID,USERNAME,DURATION) VALUES (CONCAT('T_',TASK_ID_SEQ.NEXTVAL), 'nzshhnzj', '16');
INSERT INTO TASK (TASK_ID,USERNAME,DURATION) VALUES (CONCAT('T_',TASK_ID_SEQ.NEXTVAL), 'sjdhssn98', '13');


INSERT INTO PERFORM (TASK_ID,USERNAME) VALUES ('T_10001', 'shhnrrhmn');
INSERT INTO PERFORM (TASK_ID,USERNAME) VALUES ('T_10002', 'lshkbr02');
INSERT INTO PERFORM (TASK_ID,USERNAME) VALUES ('T_10003', 'rnbsrcr52');
INSERT INTO PERFORM (TASK_ID,USERNAME) VALUES ('T_10004', 'zrfzsnm');
INSERT INTO PERFORM (TASK_ID,USERNAME) VALUES ('T_10005', 'nrnhrn17');
INSERT INTO PERFORM (TASK_ID,USERNAME) VALUES ('T_10006', 'mdtsflhq94');
INSERT INTO PERFORM (TASK_ID,USERNAME) VALUES ('T_10007', 'stqfrq');
INSERT INTO PERFORM (TASK_ID,USERNAME) VALUES ('T_10008', 'nndyprs');
INSERT INTO PERFORM (TASK_ID,USERNAME) VALUES ('T_10009', 'mdnmlhqm');
INSERT INTO PERFORM (TASK_ID,USERNAME) VALUES ('T_10010', 'mnjbhsn22');
INSERT INTO PERFORM (TASK_ID,USERNAME) VALUES ('T_10011', 'wsflslm17');
INSERT INTO PERFORM (TASK_ID,USERNAME) VALUES ('T_10012', 'nnbdllh');
INSERT INTO PERFORM (TASK_ID,USERNAME) VALUES ('T_10013', 'hmdbdllh85');
INSERT INTO PERFORM (TASK_ID,USERNAME) VALUES ('T_10004', 'mrnrhmn86');
INSERT INTO PERFORM (TASK_ID,USERNAME) VALUES ('T_10005', 'mrsltn76');
INSERT INTO PERFORM (TASK_ID,USERNAME) VALUES ('T_10006', 'mryhnfrds');
INSERT INTO PERFORM (TASK_ID,USERNAME) VALUES ('T_10007', 'shfshdmn');
INSERT INTO PERFORM (TASK_ID,USERNAME) VALUES ('T_10008', 'rbdshrfm');
INSERT INTO PERFORM (TASK_ID,USERNAME) VALUES ('T_10010', 'rnbsrcr52');
INSERT INTO PERFORM (TASK_ID,USERNAME) VALUES ('T_10013', 'nrnhrn17');
INSERT INTO PERFORM (TASK_ID,USERNAME) VALUES ('T_10007', 'nnbdllh');
INSERT INTO PERFORM (TASK_ID,USERNAME) VALUES ('T_10010', 'hmdbdllh85');
INSERT INTO PERFORM (TASK_ID,USERNAME) VALUES ('T_10011', 'mrsltn76');
INSERT INTO PERFORM (TASK_ID,USERNAME) VALUES ('T_10004', 'rbdshrfm');


INSERT INTO EXPENSE_REQUEST (REQUEST_ID,AMOUNT,SECTOR) VALUES (CONCAT('RQ_',REQUEST_ID_SEQ.NEXTVAL), 135, 'Certificate');
INSERT INTO EXPENSE_REQUEST (REQUEST_ID,AMOUNT,SECTOR) VALUES (CONCAT('RQ_',REQUEST_ID_SEQ.NEXTVAL), 255, 'Certificate');
INSERT INTO EXPENSE_REQUEST (REQUEST_ID,AMOUNT,SECTOR) VALUES (CONCAT('RQ_',REQUEST_ID_SEQ.NEXTVAL), 300, 'Certificate');
INSERT INTO EXPENSE_REQUEST (REQUEST_ID,AMOUNT,SECTOR) VALUES (CONCAT('RQ_',REQUEST_ID_SEQ.NEXTVAL), 520, 'Contest');
INSERT INTO EXPENSE_REQUEST (REQUEST_ID,AMOUNT,SECTOR) VALUES (CONCAT('RQ_',REQUEST_ID_SEQ.NEXTVAL), 650, 'Contest');
INSERT INTO EXPENSE_REQUEST (REQUEST_ID,AMOUNT,SECTOR) VALUES (CONCAT('RQ_',REQUEST_ID_SEQ.NEXTVAL), 525, 'Contest');
INSERT INTO EXPENSE_REQUEST (REQUEST_ID,AMOUNT,SECTOR) VALUES (CONCAT('RQ_',REQUEST_ID_SEQ.NEXTVAL), 480, 'Contest');
INSERT INTO EXPENSE_REQUEST (REQUEST_ID,AMOUNT,SECTOR) VALUES (CONCAT('RQ_',REQUEST_ID_SEQ.NEXTVAL), 2560, 'Crest');
INSERT INTO EXPENSE_REQUEST (REQUEST_ID,AMOUNT,SECTOR) VALUES (CONCAT('RQ_',REQUEST_ID_SEQ.NEXTVAL), 2045, 'Crest');
INSERT INTO EXPENSE_REQUEST (REQUEST_ID,AMOUNT,SECTOR) VALUES (CONCAT('RQ_',REQUEST_ID_SEQ.NEXTVAL), 1050, 'Crest');
INSERT INTO EXPENSE_REQUEST (REQUEST_ID,AMOUNT,SECTOR) VALUES (CONCAT('RQ_',REQUEST_ID_SEQ.NEXTVAL), 102, 'Printing');
INSERT INTO EXPENSE_REQUEST (REQUEST_ID,AMOUNT,SECTOR) VALUES (CONCAT('RQ_',REQUEST_ID_SEQ.NEXTVAL), 525, 'Printing');
INSERT INTO EXPENSE_REQUEST (REQUEST_ID,AMOUNT,SECTOR) VALUES (CONCAT('RQ_',REQUEST_ID_SEQ.NEXTVAL), 250, 'Printing');
INSERT INTO EXPENSE_REQUEST (REQUEST_ID,AMOUNT,SECTOR) VALUES (CONCAT('RQ_',REQUEST_ID_SEQ.NEXTVAL), 120, 'Printing');
INSERT INTO EXPENSE_REQUEST (REQUEST_ID,AMOUNT,SECTOR) VALUES (CONCAT('RQ_',REQUEST_ID_SEQ.NEXTVAL), 2800, 'Prizemoney');
INSERT INTO EXPENSE_REQUEST (REQUEST_ID,AMOUNT,SECTOR) VALUES (CONCAT('RQ_',REQUEST_ID_SEQ.NEXTVAL), 2500, 'Prizemoney');
INSERT INTO EXPENSE_REQUEST (REQUEST_ID,AMOUNT,SECTOR) VALUES (CONCAT('RQ_',REQUEST_ID_SEQ.NEXTVAL), 5000, 'Prizemoney');
INSERT INTO EXPENSE_REQUEST (REQUEST_ID,AMOUNT,SECTOR) VALUES (CONCAT('RQ_',REQUEST_ID_SEQ.NEXTVAL), 2000, 'Prizemoney');
INSERT INTO EXPENSE_REQUEST (REQUEST_ID,AMOUNT,SECTOR) VALUES (CONCAT('RQ_',REQUEST_ID_SEQ.NEXTVAL), 1500, 'Prizemoney');
INSERT INTO EXPENSE_REQUEST (REQUEST_ID,AMOUNT,SECTOR) VALUES (CONCAT('RQ_',REQUEST_ID_SEQ.NEXTVAL), 230, 'Refreshment');
INSERT INTO EXPENSE_REQUEST (REQUEST_ID,AMOUNT,SECTOR) VALUES (CONCAT('RQ_',REQUEST_ID_SEQ.NEXTVAL), 680, 'Refreshment');
INSERT INTO EXPENSE_REQUEST (REQUEST_ID,AMOUNT,SECTOR) VALUES (CONCAT('RQ_',REQUEST_ID_SEQ.NEXTVAL), 500, 'Refreshment');
INSERT INTO EXPENSE_REQUEST (REQUEST_ID,AMOUNT,SECTOR) VALUES (CONCAT('RQ_',REQUEST_ID_SEQ.NEXTVAL), 15000, 'Trainer Salary');
INSERT INTO EXPENSE_REQUEST (REQUEST_ID,AMOUNT,SECTOR) VALUES (CONCAT('RQ_',REQUEST_ID_SEQ.NEXTVAL), 20000, 'Trainer Salary');


INSERT INTO STATUS (USERNAME,REQUEST_ID) VALUES ('shhnrrhmn', 'RQ_10001');
INSERT INTO STATUS (USERNAME,REQUEST_ID) VALUES ('mhddnblw', 'RQ_10002');
INSERT INTO STATUS (USERNAME,REQUEST_ID) VALUES ('myshms', 'RQ_10003');
INSERT INTO STATUS (USERNAME,REQUEST_ID) VALUES ('sbknnhr', 'RQ_10004');
INSERT INTO STATUS (USERNAME,REQUEST_ID) VALUES ('nrnhrn17', 'RQ_10005');
INSERT INTO STATUS (USERNAME,REQUEST_ID) VALUES ('nndyprs', 'RQ_10006');
INSERT INTO STATUS (USERNAME,REQUEST_ID) VALUES ('myshtsnm92', 'RQ_10007');
INSERT INTO STATUS (USERNAME,REQUEST_ID) VALUES ('shhnrrhmn', 'RQ_10008');
INSERT INTO STATUS (USERNAME,REQUEST_ID) VALUES ('mhddnblw', 'RQ_10009');
INSERT INTO STATUS (USERNAME,REQUEST_ID) VALUES ('myshms', 'RQ_10010');
INSERT INTO STATUS (USERNAME,REQUEST_ID) VALUES ('sbknnhr', 'RQ_10011');
INSERT INTO STATUS (USERNAME,REQUEST_ID) VALUES ('nrnhrn17', 'RQ_10012');
INSERT INTO STATUS (USERNAME,REQUEST_ID) VALUES ('nndyprs', 'RQ_10013');
INSERT INTO STATUS (USERNAME,REQUEST_ID) VALUES ('myshtsnm92', 'RQ_10014');
INSERT INTO STATUS (USERNAME,REQUEST_ID) VALUES ('sydrsr', 'RQ_10015');
INSERT INTO STATUS (USERNAME,REQUEST_ID) VALUES ('shhnrrhmn', 'RQ_10016');
INSERT INTO STATUS (USERNAME,REQUEST_ID) VALUES ('mhddnblw', 'RQ_10017');
INSERT INTO STATUS (USERNAME,REQUEST_ID) VALUES ('myshms', 'RQ_10018');
INSERT INTO STATUS (USERNAME,REQUEST_ID) VALUES ('sbknnhr', 'RQ_10019');
INSERT INTO STATUS (USERNAME,REQUEST_ID) VALUES ('nrnhrn17', 'RQ_10020');
INSERT INTO STATUS (USERNAME,REQUEST_ID) VALUES ('nndyprs', 'RQ_10021');
INSERT INTO STATUS (USERNAME,REQUEST_ID) VALUES ('myshtsnm92', 'RQ_10022');
INSERT INTO STATUS (USERNAME,REQUEST_ID) VALUES ('sydrsr', 'RQ_10023');
INSERT INTO STATUS (USERNAME,REQUEST_ID) VALUES ('nnbdllh', 'RQ_10024');


INSERT INTO EVENT (EVENT_ID,USERNAME,EVENT_NAME,OVERVIEW,START_TIME,END_TIME) VALUES (CONCAT('E_',EVENT_ID_SEQ.NEXTVAL), 'rynrhmn11', 'National Girls Programming Contest 2022', 'National Girls Programming Contest final round will be held on at MIST', TO_DATE('16-Nov-2022','DD-Mon-YYYY'), TO_DATE('16-Nov-2022','DD-Mon-YYYY'));
INSERT INTO EVENT (EVENT_ID,USERNAME,EVENT_NAME,OVERVIEW,START_TIME,END_TIME) VALUES (CONCAT('E_',EVENT_ID_SEQ.NEXTVAL), 'rynrhmn11', 'National Collegiate Programming Contest 2020', 'The biggest and most prestigious programming contest on the national level in Bangladesh', TO_DATE('22-Feb-2020','DD-Mon-YYYY'), TO_DATE('22-Feb-2020','DD-Mon-YYYY'));
INSERT INTO EVENT (EVENT_ID,USERNAME,EVENT_NAME,OVERVIEW,START_TIME,END_TIME) VALUES (CONCAT('E_',EVENT_ID_SEQ.NEXTVAL), 'swpnlb', 'Inter University Programming Contest 2019', 'Hello Competitive Programmers from BANGLADESH! Its an inter university programming contest', TO_DATE('19-Dec-2019','DD-Mon-YYYY'), TO_DATE('19-Dec-2019','DD-Mon-YYYY'));
INSERT INTO EVENT (EVENT_ID,USERNAME,EVENT_NAME,OVERVIEW,START_TIME,END_TIME) VALUES (CONCAT('E_',EVENT_ID_SEQ.NEXTVAL), 'mhmnbn', 'ICT Innovation Fest 2021', 'MIST Inter University ICT Innovation Fest 2021 is being organized to aid the journey onward by stimulating ideas, enhancing technological skills and sharpening...', TO_DATE('18-Feb-2021','DD-Mon-YYYY'), TO_DATE('25-Feb-2021','DD-Mon-YYYY'));
INSERT INTO EVENT (EVENT_ID,USERNAME,EVENT_NAME,OVERVIEW,START_TIME,END_TIME) VALUES (CONCAT('E_',EVENT_ID_SEQ.NEXTVAL), 'smrkbl', 'Inter University Programming Contest 2022', 'Hello Competitive Programmers from BANGLADESH! Its an inter university programming contest', TO_DATE('24-Sep-2022','DD-Mon-YYYY'), TO_DATE('24-Sep-2022','DD-Mon-YYYY'));


INSERT INTO VOLUNTEER (USERNAME,EVENT_ID) VALUES ('sjdhssn98', 'E_1001');
INSERT INTO VOLUNTEER (USERNAME,EVENT_ID) VALUES ('shhnrrhmn', 'E_1001');
INSERT INTO VOLUNTEER (USERNAME,EVENT_ID) VALUES ('lshkbr02', 'E_1001');
INSERT INTO VOLUNTEER (USERNAME,EVENT_ID) VALUES ('tjkkbn', 'E_1001');
INSERT INTO VOLUNTEER (USERNAME,EVENT_ID) VALUES ('khldhsn', 'E_1001');
INSERT INTO VOLUNTEER (USERNAME,EVENT_ID) VALUES ('mhddnblw', 'E_1001');
INSERT INTO VOLUNTEER (USERNAME,EVENT_ID) VALUES ('bdllhmr', 'E_1001');
INSERT INTO VOLUNTEER (USERNAME,EVENT_ID) VALUES ('sjdhssn98', 'E_1002');
INSERT INTO VOLUNTEER (USERNAME,EVENT_ID) VALUES ('thsnhmd', 'E_1002');
INSERT INTO VOLUNTEER (USERNAME,EVENT_ID) VALUES ('shhnrrhmn', 'E_1002');
INSERT INTO VOLUNTEER (USERNAME,EVENT_ID) VALUES ('tjkkbn', 'E_1002');
INSERT INTO VOLUNTEER (USERNAME,EVENT_ID) VALUES ('mhddnblw', 'E_1002');
INSERT INTO VOLUNTEER (USERNAME,EVENT_ID) VALUES ('dbhssn24', 'E_1003');
INSERT INTO VOLUNTEER (USERNAME,EVENT_ID) VALUES ('thsnhmd', 'E_1003');
INSERT INTO VOLUNTEER (USERNAME,EVENT_ID) VALUES ('shhnrrhmn', 'E_1003');
INSERT INTO VOLUNTEER (USERNAME,EVENT_ID) VALUES ('tjkkbn', 'E_1003');
INSERT INTO VOLUNTEER (USERNAME,EVENT_ID) VALUES ('mhddnblw', 'E_1003');
INSERT INTO VOLUNTEER (USERNAME,EVENT_ID) VALUES ('dbhssn24', 'E_1004');
INSERT INTO VOLUNTEER (USERNAME,EVENT_ID) VALUES ('thsnhmd', 'E_1004');
INSERT INTO VOLUNTEER (USERNAME,EVENT_ID) VALUES ('shhnrrhmn', 'E_1004');
INSERT INTO VOLUNTEER (USERNAME,EVENT_ID) VALUES ('lshkbr02', 'E_1004');
INSERT INTO VOLUNTEER (USERNAME,EVENT_ID) VALUES ('tjkkbn', 'E_1004');
INSERT INTO VOLUNTEER (USERNAME,EVENT_ID) VALUES ('khldhsn', 'E_1004');
INSERT INTO VOLUNTEER (USERNAME,EVENT_ID) VALUES ('mhddnblw', 'E_1004');
INSERT INTO VOLUNTEER (USERNAME,EVENT_ID) VALUES ('bdllhmr', 'E_1004');
INSERT INTO VOLUNTEER (USERNAME,EVENT_ID) VALUES ('thsnhmd', 'E_1005');
INSERT INTO VOLUNTEER (USERNAME,EVENT_ID) VALUES ('lshkbr02', 'E_1005');
INSERT INTO VOLUNTEER (USERNAME,EVENT_ID) VALUES ('tjkkbn', 'E_1005');
INSERT INTO VOLUNTEER (USERNAME,EVENT_ID) VALUES ('mhddnblw', 'E_1005');


INSERT INTO SEGMENTS (EVENT_ID,SEGMENT) VALUES ('E_1001', 'Programming Contest');
INSERT INTO SEGMENTS (EVENT_ID,SEGMENT) VALUES ('E_1002', 'Programming Contest');
INSERT INTO SEGMENTS (EVENT_ID,SEGMENT) VALUES ('E_1003', 'Programming Contest');
INSERT INTO SEGMENTS (EVENT_ID,SEGMENT) VALUES ('E_1004', 'Programming Contest');
INSERT INTO SEGMENTS (EVENT_ID,SEGMENT) VALUES ('E_1004', 'Hackathon');
INSERT INTO SEGMENTS (EVENT_ID,SEGMENT) VALUES ('E_1004', 'Scavengers Hunt');
INSERT INTO SEGMENTS (EVENT_ID,SEGMENT) VALUES ('E_1004', 'Project Showcasing');
INSERT INTO SEGMENTS (EVENT_ID,SEGMENT) VALUES ('E_1004', 'Quiz Competition');
INSERT INTO SEGMENTS (EVENT_ID,SEGMENT) VALUES ('E_1004', 'Essay Writing');
INSERT INTO SEGMENTS (EVENT_ID,SEGMENT) VALUES ('E_1005', 'Programming Contest');


INSERT INTO SPONSORSHIPS (EVENT_ID,SPONSOR) VALUES ('E_1001', 'Dutch Bangla Bank');
INSERT INTO SPONSORSHIPS (EVENT_ID,SPONSOR) VALUES ('E_1001', 'Enosis Solutions');
INSERT INTO SPONSORSHIPS (EVENT_ID,SPONSOR) VALUES ('E_1001', 'Channel i');
INSERT INTO SPONSORSHIPS (EVENT_ID,SPONSOR) VALUES ('E_1001', 'Prothom Alo');
INSERT INTO SPONSORSHIPS (EVENT_ID,SPONSOR) VALUES ('E_1001', 'Irfan Group of Industries');
INSERT INTO SPONSORSHIPS (EVENT_ID,SPONSOR) VALUES ('E_1001', 'Kaynaat Shipyard');
INSERT INTO SPONSORSHIPS (EVENT_ID,SPONSOR) VALUES ('E_1002', 'Grameenphone');
INSERT INTO SPONSORSHIPS (EVENT_ID,SPONSOR) VALUES ('E_1002', 'Dutch Bangla Bank');
INSERT INTO SPONSORSHIPS (EVENT_ID,SPONSOR) VALUES ('E_1002', 'Channel i');
INSERT INTO SPONSORSHIPS (EVENT_ID,SPONSOR) VALUES ('E_1002', 'Irfan Group of Industries');
INSERT INTO SPONSORSHIPS (EVENT_ID,SPONSOR) VALUES ('E_1002', 'Kaynaat Shipyard');
INSERT INTO SPONSORSHIPS (EVENT_ID,SPONSOR) VALUES ('E_1003', 'Enosis Solutions');
INSERT INTO SPONSORSHIPS (EVENT_ID,SPONSOR) VALUES ('E_1003', 'Channel i');
INSERT INTO SPONSORSHIPS (EVENT_ID,SPONSOR) VALUES ('E_1003', 'Irfan Group of Industries');
INSERT INTO SPONSORSHIPS (EVENT_ID,SPONSOR) VALUES ('E_1004', 'Dutch Bangla Bank');
INSERT INTO SPONSORSHIPS (EVENT_ID,SPONSOR) VALUES ('E_1004', 'Enosis Solutions');
INSERT INTO SPONSORSHIPS (EVENT_ID,SPONSOR) VALUES ('E_1004', 'Channel i');
INSERT INTO SPONSORSHIPS (EVENT_ID,SPONSOR) VALUES ('E_1004', 'Prothom Alo');
INSERT INTO SPONSORSHIPS (EVENT_ID,SPONSOR) VALUES ('E_1004', 'Irfan Group of Industries');
INSERT INTO SPONSORSHIPS (EVENT_ID,SPONSOR) VALUES ('E_1004', 'Walton');
INSERT INTO SPONSORSHIPS (EVENT_ID,SPONSOR) VALUES ('E_1005', 'Grameenphone');
INSERT INTO SPONSORSHIPS (EVENT_ID,SPONSOR) VALUES ('E_1005', 'Dutch Bangla Bank');
INSERT INTO SPONSORSHIPS (EVENT_ID,SPONSOR) VALUES ('E_1005', 'Channel i');
INSERT INTO SPONSORSHIPS (EVENT_ID,SPONSOR) VALUES ('E_1005', 'Irfan Group of Industries');
INSERT INTO SPONSORSHIPS (EVENT_ID,SPONSOR) VALUES ('E_1005', 'Walton');
INSERT INTO SPONSORSHIPS (EVENT_ID,SPONSOR) VALUES ('E_1005', 'Kaynaat Shipyard');